hdf_file,hydrograph_id,split,compare_kind,series_name,hgn_length,hdf_length,corr,nrmse_z,rmse,max_abs_diff,ref_peak_index,candidate_peak_index,peak_index_diff,ref_peak,candidate_peak,peak_ratio,exact_or_close,hgn_file
/mnt/8tb_hdd2/joyce/Minxiong/Minxiong_new/Minxiong.p03.hdf,H1,train,inflow,event_upstreamBC1,239,61,0.8701730369773464,0.5095624849273213,587.341345310807,966.220495433899,174,112,-62,3991.0363707983192,3776.869530938,0.9463380385537604,0.0,/mnt/8tb_hdd2/joyce/train/M80_US_InF_H1.txt
/mnt/8tb_hdd2/joyce/Minxiong/Minxiong_new/Minxiong.p03.hdf,H1,train,inflow,event_upstreamBC2,239,61,0.9562529871262248,0.29579389065284895,1206.9730081487644,1461.4153286534874,115,112,-3,2998.9915966386557,3776.869530938,1.259379831264352,0.0,/mnt/8tb_hdd2/joyce/train/M80_US_InF_H1.txt
/mnt/8tb_hdd2/joyce/Minxiong/Minxiong_new/Minxiong.p03.hdf,H1,train,inflow,result_upstreamBC1,239,7201,0.8689751665447181,0.5119078695532673,587.8604375215521,966.1980246138701,5280,3388,-1892,4000.0,3776.7234137797036,0.9441808534449259,0.0,/mnt/8tb_hdd2/joyce/train/M80_US_InF_H1.txt
/mnt/8tb_hdd2/joyce/Minxiong/Minxiong_new/Minxiong.p03.hdf,H1,train,inflow,result_upstreamBC2,239,7201,0.9562394977325358,0.2958394911686549,1208.1848680444987,1461.4079268289956,3480,3388,-92,3000.0,3776.7234137797036,1.2589078045932345,0.0,/mnt/8tb_hdd2/joyce/train/M80_US_InF_H1.txt
/mnt/8tb_hdd2/joyce/Minxiong/Minxiong_new/Minxiong.p03.hdf,H1,train,inflow,result_upstreamBC1_flow_per_face_sum,239,7201,0.8689751661466741,0.5119078703308354,587.8604379364511,966.1979025435576,5280,3388,-1892,3999.9999084472656,3776.7234137797036,0.9441808750555111,0.0,/mnt/8tb_hdd2/joyce/train/M80_US_InF_H1.txt
/mnt/8tb_hdd2/joyce/Minxiong/Minxiong_new/Minxiong.p03.hdf,H1,train,inflow,result_upstreamBC2_flow_per_face_sum,239,7201,0.9562394977325358,0.2958394911686549,1208.1848680444987,1461.4079268289956,3480,3388,-92,3000.0,3776.7234137797036,1.2589078045932345,0.0,/mnt/8tb_hdd2/joyce/train/M80_US_InF_H1.txt
/mnt/8tb_hdd2/joyce/Minxiong/Minxiong_new/Minxiong.p03.hdf,H1,train,precipitation,Event Conditions/Unsteady/Boundary Conditions/Precipitation Hydrographs/2D: per2,239,61,-0.33560693387830554,1.6343848591309853,30.791383785781235,67.55987123622948,175,88,-87,0.9970588263343363,67.923568726,68.12393304387007,0.0,/mnt/8tb_hdd2/joyce/train/M80_Pr_H1.txt
/mnt/8tb_hdd2/joyce/Minxiong/Minxiong_new/Minxiong.p03.hdf,H2,train,inflow,event_upstreamBC1,239,61,0.7587085471946402,0.6946818736736395,644.509257445949,970.5217609637607,174,128,-46,3991.0363707983192,3802.466187625,0.9527515748658538,0.0,/mnt/8tb_hdd2/joyce/train/M80_US_InF_H2.txt
/mnt/8tb_hdd2/joyce/Minxiong/Minxiong_new/Minxiong.p03.hdf,H2,train,inflow,event_upstreamBC2,239,61,0.9177822927520621,0.4055063680090294,1098.2456610306187,1560.8351170764877,115,128,13,2998.9915966386557,3802.466187625,1.2679149190971055,0.0,/mnt/8tb_hdd2/joyce/train/M80_US_InF_H2.txt
/mnt/8tb_hdd2/joyce/Minxiong/Minxiong_new/Minxiong.p03.hdf,H2,train,inflow,result_upstreamBC1,239,7201,0.756798946512686,0.697425341505905,644.7399535341813,970.2862117808613,5280,3872,-1408,4000.0,3802.3712918609735,0.9505928229652434,0.0,/mnt/8tb_hdd2/joyce/train/M80_US_InF_H2.txt
/mnt/8tb_hdd2/joyce/Minxiong/Minxiong_new/Minxiong.p03.hdf,H2,train,inflow,result_upstreamBC2,239,7201,0.917913867149278,0.4051817687179955,1099.660721065701,1560.7891734346404,3480,3872,392,3000.0,3802.3712918609735,1.2674570972869912,0.0,/mnt/8tb_hdd2/joyce/train/M80_US_InF_H2.txt
/mnt/8tb_hdd2/joyce/Minxiong/Minxiong_new/Minxiong.p03.hdf,H2,train,inflow,result_upstreamBC1_flow_per_face_sum,239,7201,0.7567989459207215,0.6974253423546897,644.7399542157456,970.2862117808613,5280,3872,-1408,3999.9999084472656,3802.3712918609735,0.950592844722587,0.0,/mnt/8tb_hdd2/joyce/train/M80_US_InF_H2.txt
/mnt/8tb_hdd2/joyce/Minxiong/Minxiong_new/Minxiong.p03.hdf,H2,train,inflow,result_upstreamBC2_flow_per_face_sum,239,7201,0.917913867149278,0.4051817687179955,1099.660721065701,1560.7891734346404,3480,3872,392,3000.0,3802.3712918609735,1.2674570972869912,0.0,/mnt/8tb_hdd2/joyce/train/M80_US_InF_H2.txt
/mnt/8tb_hdd2/joyce/Minxiong/Minxiong_new/Minxiong.p03.hdf,H2,train,precipitation,Event Conditions/Unsteady/Boundary Conditions/Precipitation Hydrographs/2D: per2,239,61,-0.3355449350250436,1.6343469246307796,32.43433191085364,71.38212058623127,175,87,-88,0.9970588263343363,71.740776062,71.95240056773109,0.0,/mnt/8tb_hdd2/joyce/train/M80_Pr_H2.txt
/mnt/8tb_hdd2/joyce/Minxiong/Minxiong_new/Minxiong.p03.hdf,H3,train,inflow,event_upstreamBC1,239,61,0.6688180059489156,0.8138574740715777,759.3229081573838,1244.8147609637608,174,96,-78,3991.0363707983192,3924.927,0.9834355378763198,0.0,/mnt/8tb_hdd2/joyce/train/M80_US_InF_H3.txt
/mnt/8tb_hdd2/joyce/Minxiong/Minxiong_new/Minxiong.p03.hdf,H3,train,inflow,event_upstreamBC2,239,61,0.878184051659691,0.4935908190805589,1152.5701211301998,1821.5518176754877,115,96,-19,2998.9915966386557,3924.927,1.308748915601883,0.0,/mnt/8tb_hdd2/joyce/train/M80_US_InF_H3.txt
/mnt/8tb_hdd2/joyce/Minxiong/Minxiong_new/Minxiong.p03.hdf,H3,train,inflow,result_upstreamBC1,239,7201,0.6664898448227912,0.8167131138621553,759.2331050602055,1244.737668201355,5280,2904,-2376,4000.0,3924.73791234198,0.981184478085495,0.0,/mnt/8tb_hdd2/joyce/train/M80_US_InF_H3.txt
/mnt/8tb_hdd2/joyce/Minxiong/Minxiong_new/Minxiong.p03.hdf,H3,train,inflow,result_upstreamBC2,239,7201,0.8782948641556593,0.49336626525197425,1153.9261049982038,1821.4435089519961,3480,2904,-576,3000.0,3924.73791234198,1.30824597078066,0.0,/mnt/8tb_hdd2/joyce/train/M80_US_InF_H3.txt
/mnt/8tb_hdd2/joyce/Minxiong/Minxiong_new/Minxiong.p03.hdf,H3,train,inflow,result_upstreamBC1_flow_per_face_sum,239,7201,0.6664898440314521,0.8167131148310871,759.2331058786652,1244.737668201355,5280,2904,-2376,3999.9999084472656,3924.73791234198,0.981184500543026,0.0,/mnt/8tb_hdd2/joyce/train/M80_US_InF_H3.txt
/mnt/8tb_hdd2/joyce/Minxiong/Minxiong_new/Minxiong.p03.hdf,H3,train,inflow,result_upstreamBC2_flow_per_face_sum,239,7201,0.8782948641556593,0.49336626525197425,1153.9261049982038,1821.4435089519961,3480,2904,-576,3000.0,3924.73791234198,1.30824597078066,0.0,/mnt/8tb_hdd2/joyce/train/M80_US_InF_H3.txt
/mnt/8tb_hdd2/joyce/Minxiong/Minxiong_new/Minxiong.p03.hdf,H3,train,precipitation,Event Conditions/Unsteady/Boundary Conditions/Precipitation Hydrographs/2D: per2,239,61,-0.3353961464875379,1.6342558835675263,22.99612520208627,50.50800559623128,175,87,-88,0.9970588263343363,50.866661072,51.01671007618487,0.0,/mnt/8tb_hdd2/joyce/train/M80_Pr_H3.txt
/mnt/8tb_hdd2/joyce/Minxiong/Minxiong_new/Minxiong.p03.hdf,H4,train,inflow,event_upstreamBC1,239,61,0.447022454093623,1.0516439948065857,832.3123364508596,1372.6271018554708,174,112,-62,3991.0363707983192,3313.656858284,0.8302747833944635,0.0,/mnt/8tb_hdd2/joyce/train/M80_US_InF_H4.txt
/mnt/8tb_hdd2/joyce/Minxiong/Minxiong_new/Minxiong.p03.hdf,H4,train,inflow,event_upstreamBC2,239,61,0.7171232567291279,0.7521658637174012,973.7956660090381,1611.221572254046,115,112,-3,2998.9915966386557,3313.656858284,1.104923689015344,0.0,/mnt/8tb_hdd2/joyce/train/M80_US_InF_H4.txt
/mnt/8tb_hdd2/joyce/Minxiong/Minxiong_new/Minxiong.p03.hdf,H4,train,inflow,result_upstreamBC1,239,7201,0.4434259064724633,1.0550583808752356,831.4271197815854,1379.8086833004668,5280,3388,-1892,4000.0,3313.5607045234533,0.8283901761308633,0.0,/mnt/8tb_hdd2/joyce/train/M80_US_InF_H4.txt
/mnt/8tb_hdd2/joyce/Minxiong/Minxiong_new/Minxiong.p03.hdf,H4,train,inflow,result_upstreamBC2,239,7201,0.7165805586038345,0.7528870318927874,973.320626057456,1611.1996739156884,3480,3388,-92,3000.0,3313.5607045234533,1.1045202348411511,0.0,/mnt/8tb_hdd2/joyce/train/M80_US_InF_H4.txt
/mnt/8tb_hdd2/joyce/Minxiong/Minxiong_new/Minxiong.p03.hdf,H4,train,inflow,result_upstreamBC1_flow_per_face_sum,239,7201,0.443425905432742,1.0550583818606987,831.4271206521666,1379.8085917477324,5280,3388,-1892,3999.9999084472656,3313.5607045234533,0.8283901950912101,0.0,/mnt/8tb_hdd2/joyce/train/M80_US_InF_H4.txt
/mnt/8tb_hdd2/joyce/Minxiong/Minxiong_new/Minxiong.p03.hdf,H4,train,inflow,result_upstreamBC2_flow_per_face_sum,239,7201,0.7165805586038345,0.7528870318927874,973.320626057456,1611.1996739156884,3480,3388,-92,3000.0,3313.5607045234533,1.1045202348411511,0.0,/mnt/8tb_hdd2/joyce/train/M80_US_InF_H4.txt
/mnt/8tb_hdd2/joyce/Minxiong/Minxiong_new/Minxiong.p03.hdf,H4,train,precipitation,Event Conditions/Unsteady/Boundary Conditions/Precipitation Hydrographs/2D: per2,239,61,-0.33544956614953386,1.6342885706933972,28.60454164840773,62.86035112522948,175,88,-87,0.9970588263343363,63.224048615,63.41055005494686,0.0,/mnt/8tb_hdd2/joyce/train/M80_Pr_H4.txt
/mnt/8tb_hdd2/joyce/Minxiong/Minxiong_new/Minxiong.p03.hdf,H5,train,inflow,event_upstreamBC1,239,61,0.47965438235285907,1.0201427524098192,821.5985391122514,1534.410896266471,174,120,-54,3991.0363707983192,3273.61,0.820240583110794,0.0,/mnt/8tb_hdd2/joyce/train/M80_US_InF_H5.txt
/mnt/8tb_hdd2/joyce/Minxiong/Minxiong_new/Minxiong.p03.hdf,H5,train,inflow,event_upstreamBC2,239,61,0.7595014515450156,0.693539542427084,848.9938431812437,1450.4915063850458,115,120,5,2998.9915966386557,3273.61,1.0915702477023088,0.0,/mnt/8tb_hdd2/joyce/train/M80_US_InF_H5.txt
/mnt/8tb_hdd2/joyce/Minxiong/Minxiong_new/Minxiong.p03.hdf,H5,train,inflow,result_upstreamBC1,239,7201,0.4761695073056917,1.023553118010305,820.9237691134113,1542.210624751,5280,3630,-1650,4000.0,3273.5272935379253,0.8183818233844813,0.0,/mnt/8tb_hdd2/joyce/train/M80_US_InF_H5.txt
/mnt/8tb_hdd2/joyce/Minxiong/Minxiong_new/Minxiong.p03.hdf,H5,train,inflow,result_upstreamBC2,239,7201,0.7592620731267498,0.6938846112622042,848.5616094025135,1450.468722812991,3480,3630,150,3000.0,3273.5272935379253,1.0911757645126419,0.0,/mnt/8tb_hdd2/joyce/train/M80_US_InF_H5.txt
/mnt/8tb_hdd2/joyce/Minxiong/Minxiong_new/Minxiong.p03.hdf,H5,train,inflow,result_upstreamBC1_flow_per_face_sum,239,7201,0.47616950640498107,1.0235531188902889,820.9237699488401,1542.2105331982657,5280,3630,-1650,3999.9999084472656,3273.5272935379253,0.8183818421157552,0.0,/mnt/8tb_hdd2/joyce/train/M80_US_InF_H5.txt
/mnt/8tb_hdd2/joyce/Minxiong/Minxiong_new/Minxiong.p03.hdf,H5,train,inflow,result_upstreamBC2_flow_per_face_sum,239,7201,0.7592620731267498,0.6938846112622042,848.5616094025135,1450.468722812991,3480,3630,150,3000.0,3273.5272935379253,1.0911757645126419,0.0,/mnt/8tb_hdd2/joyce/train/M80_US_InF_H5.txt
/mnt/8tb_hdd2/joyce/Minxiong/Minxiong_new/Minxiong.p03.hdf,H5,train,precipitation,Event Conditions/Unsteady/Boundary Conditions/Precipitation Hydrographs/2D: per2,239,61,-0.33544703686408484,1.6342870230556714,24.070472094794017,53.18962714723128,175,87,-88,0.9970588263343363,53.548282623,53.70624200767473,0.0,/mnt/8tb_hdd2/joyce/train/M80_Pr_H5.txt
/mnt/8tb_hdd2/joyce/Minxiong/Minxiong_new/Minxiong.p03.hdf,H6,train,inflow,event_upstreamBC1,239,61,0.8104098671695887,0.6157761489866449,566.0171519948827,1155.2342690023193,174,128,-46,3991.0363707983192,3347.03503992,0.838638070153818,0.0,/mnt/8tb_hdd2/joyce/train/M80_US_InF_H6.txt
/mnt/8tb_hdd2/joyce/Minxiong/Minxiong_new/Minxiong.p03.hdf,H6,train,inflow,event_upstreamBC2,239,61,0.9403972701980959,0.34526143660102926,881.4750684142639,1341.3908459551767,115,128,13,2998.9915966386557,3347.03503992,1.1160534906704775,0.0,/mnt/8tb_hdd2/joyce/train/M80_US_InF_H6.txt
/mnt/8tb_hdd2/joyce/Minxiong/Minxiong_new/Minxiong.p03.hdf,H6,train,inflow,result_upstreamBC1,239,7201,0.808799546622858,0.6183857265124135,565.8717335805599,1162.9913113773332,5280,3872,-1408,4000.0,3346.8383954312003,0.8367095988578,0.0,/mnt/8tb_hdd2/joyce/train/M80_US_InF_H6.txt
/mnt/8tb_hdd2/joyce/Minxiong/Minxiong_new/Minxiong.p03.hdf,H6,train,inflow,result_upstreamBC2,239,7201,0.9404045540328089,0.3452403393787903,881.5619765566881,1342.1062059214,3480,3872,392,3000.0,3346.8383954312003,1.1156127984770667,0.0,/mnt/8tb_hdd2/joyce/train/M80_US_InF_H6.txt
/mnt/8tb_hdd2/joyce/Minxiong/Minxiong_new/Minxiong.p03.hdf,H6,train,inflow,result_upstreamBC1_flow_per_face_sum,239,7201,0.8087995460645659,0.6183857274152338,565.8717343073184,1162.9912198245988,5280,3872,-1408,3999.9999084472656,3346.8383954312003,0.8367096180085635,0.0,/mnt/8tb_hdd2/joyce/train/M80_US_InF_H6.txt
/mnt/8tb_hdd2/joyce/Minxiong/Minxiong_new/Minxiong.p03.hdf,H6,train,inflow,result_upstreamBC2_flow_per_face_sum,239,7201,0.9404045540328089,0.3452403393787903,881.5619765566881,1342.1062059214,3480,3872,392,3000.0,3346.8383954312003,1.1156127984770667,0.0,/mnt/8tb_hdd2/joyce/train/M80_US_InF_H6.txt
/mnt/8tb_hdd2/joyce/Minxiong/Minxiong_new/Minxiong.p03.hdf,H6,train,precipitation,Event Conditions/Unsteady/Boundary Conditions/Precipitation Hydrographs/2D: per2,239,61,-0.33566129316355886,1.6344181185752673,26.0792574549362,57.12349555523128,175,87,-88,0.9970588263343363,57.482151031,57.65171473616236,0.0,/mnt/8tb_hdd2/joyce/train/M80_Pr_H6.txt
/mnt/8tb_hdd2/joyce/Minxiong/Minxiong_new/Minxiong.p03.hdf,H7,train,inflow,event_upstreamBC1,239,61,0.7942588417498168,0.6414688741477385,667.7027292129302,1032.3364894458991,174,112,-62,3991.0363707983192,3812.946467066,0.9553775292464458,0.0,/mnt/8tb_hdd2/joyce/train/M80_US_InF_H7.txt
/mnt/8tb_hdd2/joyce/Minxiong/Minxiong_new/Minxiong.p03.hdf,H7,train,inflow,event_upstreamBC2,239,61,0.9246952076240871,0.3880845072298365,1221.142715549963,1818.4101673121768,115,112,-3,2998.9915966386557,3812.946467066,1.271409520233283,0.0,/mnt/8tb_hdd2/joyce/train/M80_US_InF_H7.txt
/mnt/8tb_hdd2/joyce/Minxiong/Minxiong_new/Minxiong.p03.hdf,H7,train,inflow,result_upstreamBC1,239,7201,0.7924799099639821,0.6442361213654796,668.2056453009255,1032.3220921113175,5280,3388,-1892,4000.0,3812.80850627128,0.95320212656782,0.0,/mnt/8tb_hdd2/joyce/train/M80_US_InF_H7.txt
/mnt/8tb_hdd2/joyce/Minxiong/Minxiong_new/Minxiong.p03.hdf,H7,train,inflow,result_upstreamBC2,239,7201,0.9246334788114761,0.3882435348811979,1222.546209943345,1818.3858248084603,3480,3388,-92,3000.0,3812.80850627128,1.2709361687570933,0.0,/mnt/8tb_hdd2/joyce/train/M80_US_InF_H7.txt
/mnt/8tb_hdd2/joyce/Minxiong/Minxiong_new/Minxiong.p03.hdf,H7,train,inflow,result_upstreamBC1_flow_per_face_sum,239,7201,0.7924799094669811,0.6442361221369368,668.2056457902629,1032.321970041005,5280,3388,-1892,3999.9999084472656,3812.80850627128,0.9532021483848857,0.0,/mnt/8tb_hdd2/joyce/train/M80_US_InF_H7.txt
/mnt/8tb_hdd2/joyce/Minxiong/Minxiong_new/Minxiong.p03.hdf,H7,train,inflow,result_upstreamBC2_flow_per_face_sum,239,7201,0.9246334788114761,0.3882435348811979,1222.546209943345,1818.3858248084603,3480,3388,-92,3000.0,3812.80850627128,1.2709361687570933,0.0,/mnt/8tb_hdd2/joyce/train/M80_US_InF_H7.txt
/mnt/8tb_hdd2/joyce/Minxiong/Minxiong_new/Minxiong.p03.hdf,H7,train,precipitation,Event Conditions/Unsteady/Boundary Conditions/Precipitation Hydrographs/2D: per2,239,61,-0.33555378646554196,1.6343523405101743,26.909718088114705,59.52412269223128,175,87,-88,0.9970588263343363,59.882778168,60.05942336236835,0.0,/mnt/8tb_hdd2/joyce/train/M80_Pr_H7.txt
/mnt/8tb_hdd2/joyce/Minxiong/Minxiong_new/Minxiong.p03.hdf,H8,train,inflow,event_upstreamBC1,239,61,0.7751446831896341,0.6706046776012915,585.5716178284652,974.8436158274708,174,112,-62,3991.0363707983192,3664.160580838,0.9180975166370295,0.0,/mnt/8tb_hdd2/joyce/train/M80_US_InF_H8.txt
/mnt/8tb_hdd2/joyce/Minxiong/Minxiong_new/Minxiong.p03.hdf,H8,train,inflow,event_upstreamBC2,239,61,0.9252772847094025,0.386581725617229,958.147859086801,1418.8880695081766,115,112,-3,2998.9915966386557,3664.160580838,1.2217975485309402,0.0,/mnt/8tb_hdd2/joyce/train/M80_US_InF_H8.txt
/mnt/8tb_hdd2/joyce/Minxiong/Minxiong_new/Minxiong.p03.hdf,H8,train,inflow,result_upstreamBC1,239,7201,0.7733213487796178,0.673318128703487,585.6735660313458,984.2714963409999,5280,3389,-1891,4000.0,3663.9971929263434,0.9159992982315859,0.0,/mnt/8tb_hdd2/joyce/train/M80_US_InF_H8.txt
/mnt/8tb_hdd2/joyce/Minxiong/Minxiong_new/Minxiong.p03.hdf,H8,train,inflow,result_upstreamBC2,239,7201,0.9253152087559015,0.3864836121858172,959.2508350139833,1419.639116433867,3480,3389,-91,3000.0,3663.9971929263434,1.2213323976421144,0.0,/mnt/8tb_hdd2/joyce/train/M80_US_InF_H8.txt
/mnt/8tb_hdd2/joyce/Minxiong/Minxiong_new/Minxiong.p03.hdf,H8,train,inflow,result_upstreamBC1_flow_per_face_sum,239,7201,0.7733213482740147,0.6733181294543993,585.6735667237612,984.2714047882655,5280,3389,-1891,3999.9999084472656,3663.9971929263434,0.9159993191971464,0.0,/mnt/8tb_hdd2/joyce/train/M80_US_InF_H8.txt
/mnt/8tb_hdd2/joyce/Minxiong/Minxiong_new/Minxiong.p03.hdf,H8,train,inflow,result_upstreamBC2_flow_per_face_sum,239,7201,0.9253152087559015,0.3864836121858172,959.2508350139833,1419.639116433867,3480,3389,-91,3000.0,3663.9971929263434,1.2213323976421144,0.0,/mnt/8tb_hdd2/joyce/train/M80_US_InF_H8.txt
/mnt/8tb_hdd2/joyce/Minxiong/Minxiong_new/Minxiong.p03.hdf,H8,train,precipitation,Event Conditions/Unsteady/Boundary Conditions/Precipitation Hydrographs/2D: per2,239,61,-0.3354436976751322,1.634284979846007,28.581076188497587,62.89736793123128,175,87,-88,0.9970588263343363,63.256023407,63.442619167776996,0.0,/mnt/8tb_hdd2/joyce/train/M80_Pr_H8.txt
/mnt/8tb_hdd2/joyce/Minxiong/Minxiong_new/Minxiong.p03.hdf,H9,train,inflow,event_upstreamBC1,239,61,0.5892488702363027,0.9063676183135598,844.5205102502457,1496.165,174,104,-70,3991.0363707983192,3766.986391217,0.9438617043882005,0.0,/mnt/8tb_hdd2/joyce/train/M80_US_InF_H9.txt
/mnt/8tb_hdd2/joyce/Minxiong/Minxiong_new/Minxiong.p03.hdf,H9,train,inflow,event_upstreamBC2,239,61,0.8304047390787374,0.5824006540539964,1296.6706018983505,1936.171632134046,115,104,-11,2998.9915966386557,3766.986391217,1.2560843436304163,0.0,/mnt/8tb_hdd2/joyce/train/M80_US_InF_H9.txt
/mnt/8tb_hdd2/joyce/Minxiong/Minxiong_new/Minxiong.p03.hdf,H9,train,inflow,result_upstreamBC1,239,7201,0.5865542844643875,0.9093357086748685,843.4434883946086,1496.165030517578,5280,3146,-2134,4000.0,3766.7419150304854,0.9416854787576213,0.0,/mnt/8tb_hdd2/joyce/train/M80_US_InF_H9.txt
/mnt/8tb_hdd2/joyce/Minxiong/Minxiong_new/Minxiong.p03.hdf,H9,train,inflow,result_upstreamBC2,239,7201,0.830563889716769,0.5821273233292371,1296.5281822592076,1936.1613275634245,3480,3146,-334,3000.0,3766.7419150304854,1.255580638343495,0.0,/mnt/8tb_hdd2/joyce/train/M80_US_InF_H9.txt
/mnt/8tb_hdd2/joyce/Minxiong/Minxiong_new/Minxiong.p03.hdf,H9,train,inflow,result_upstreamBC1_flow_per_face_sum,239,7201,0.5865542837196335,0.9093357094938768,843.4434889061084,1496.1650190734863,5280,3146,-2134,3999.9999084472656,3766.7419150304854,0.941685500311092,0.0,/mnt/8tb_hdd2/joyce/train/M80_US_InF_H9.txt
/mnt/8tb_hdd2/joyce/Minxiong/Minxiong_new/Minxiong.p03.hdf,H9,train,inflow,result_upstreamBC2_flow_per_face_sum,239,7201,0.830563889716769,0.5821273233292371,1296.5281822592076,1936.1613275634245,3480,3146,-334,3000.0,3766.7419150304854,1.255580638343495,0.0,/mnt/8tb_hdd2/joyce/train/M80_US_InF_H9.txt
/mnt/8tb_hdd2/joyce/Minxiong/Minxiong_new/Minxiong.p03.hdf,H9,train,precipitation,Event Conditions/Unsteady/Boundary Conditions/Precipitation Hydrographs/2D: per2,239,61,-0.3354529212246267,1.634290623619084,28.291282826498446,61.80789802123128,175,87,-88,0.9970588263343363,62.166553497,62.34993548530522,0.0,/mnt/8tb_hdd2/joyce/train/M80_Pr_H9.txt
/mnt/8tb_hdd2/joyce/Minxiong/Minxiong_new/Minxiong.p03.hdf,H10,train,inflow,event_upstreamBC1,239,61,0.7485686184270258,0.7091281711693218,639.0550476434316,1359.6136118354707,174,144,-30,3991.0363707983192,3176.331,0.7958662124055373,0.0,/mnt/8tb_hdd2/joyce/train/M80_US_InF_H10.txt
/mnt/8tb_hdd2/joyce/Minxiong/Minxiong_new/Minxiong.p03.hdf,H10,train,inflow,event_upstreamBC2,239,61,0.9103901012762041,0.42334359266155136,706.6755969635802,1145.4519836791765,115,144,29,2998.9915966386557,3176.331,1.0591330110961668,0.0,/mnt/8tb_hdd2/joyce/train/M80_US_InF_H10.txt
/mnt/8tb_hdd2/joyce/Minxiong/Minxiong_new/Minxiong.p03.hdf,H10,train,inflow,result_upstreamBC1,239,7201,0.746621125399654,0.7118691938837444,639.022757759908,1367.016359281933,5280,4356,-924,4000.0,3176.27614595808,0.7940690364895201,0.0,/mnt/8tb_hdd2/joyce/train/M80_US_InF_H10.txt
/mnt/8tb_hdd2/joyce/Minxiong/Minxiong_new/Minxiong.p03.hdf,H10,train,inflow,result_upstreamBC2,239,7201,0.9106015809222547,0.42284375146795095,707.1672975409588,1147.5130272784,3480,4356,876,3000.0,3176.27614595808,1.05875871531936,0.0,/mnt/8tb_hdd2/joyce/train/M80_US_InF_H10.txt
/mnt/8tb_hdd2/joyce/Minxiong/Minxiong_new/Minxiong.p03.hdf,H10,train,inflow,result_upstreamBC1_flow_per_face_sum,239,7201,0.7466211248051952,0.7118691947188116,639.0227585523337,1367.0162677291987,5280,4356,-924,3999.9999084472656,3176.27614595808,0.7940690546643183,0.0,/mnt/8tb_hdd2/joyce/train/M80_US_InF_H10.txt
/mnt/8tb_hdd2/joyce/Minxiong/Minxiong_new/Minxiong.p03.hdf,H10,train,inflow,result_upstreamBC2_flow_per_face_sum,239,7201,0.9106015809222547,0.42284375146795095,707.1672975409588,1147.5130272784,3480,4356,876,3000.0,3176.27614595808,1.05875871531936,0.0,/mnt/8tb_hdd2/joyce/train/M80_US_InF_H10.txt
/mnt/8tb_hdd2/joyce/Minxiong/Minxiong_new/Minxiong.p03.hdf,H10,train,precipitation,Event Conditions/Unsteady/Boundary Conditions/Precipitation Hydrographs/2D: per2,239,61,-0.3355225449985649,1.6343332248954403,27.742342819906217,61.16065070723128,175,87,-88,0.9970588263343363,61.519306183,61.70077888901932,0.0,/mnt/8tb_hdd2/joyce/train/M80_Pr_H10.txt
/mnt/8tb_hdd2/joyce/Minxiong/Minxiong_new/Minxiong.p03.hdf,H11,test,inflow,event_upstreamBC1,239,61,0.6711278155533371,0.811014407327839,758.5753648122802,1177.802779075302,174,128,-46,3991.0363707983192,3754.147968064,0.9406448900171424,0.0,/mnt/8tb_hdd2/joyce/test/M80_US_InF_H11.txt
/mnt/8tb_hdd2/joyce/Minxiong/Minxiong_new/Minxiong.p03.hdf,H11,test,inflow,event_upstreamBC2,239,61,0.8626459467425488,0.5241260406761931,1212.3519015531635,1755.7974727011765,115,128,13,2998.9915966386557,3754.147968064,1.2518034302836134,0.0,/mnt/8tb_hdd2/joyce/test/M80_US_InF_H11.txt
/mnt/8tb_hdd2/joyce/Minxiong/Minxiong_new/Minxiong.p03.hdf,H11,test,inflow,result_upstreamBC1,239,7201,0.6686024566137498,0.8141222799877793,758.4654325819866,1177.7888685643038,5280,3872,-1408,4000.0,3753.966839210596,0.938491709802649,0.0,/mnt/8tb_hdd2/joyce/test/M80_US_InF_H11.txt
/mnt/8tb_hdd2/joyce/Minxiong/Minxiong_new/Minxiong.p03.hdf,H11,test,inflow,result_upstreamBC2,239,7201,0.8625047972581803,0.5243952759928698,1213.276352079184,1756.3852794406666,3480,3872,392,3000.0,3753.966839210596,1.2513222797368653,0.0,/mnt/8tb_hdd2/joyce/test/M80_US_InF_H11.txt
/mnt/8tb_hdd2/joyce/Minxiong/Minxiong_new/Minxiong.p03.hdf,H11,test,inflow,result_upstreamBC1_flow_per_face_sum,239,7201,0.6686024557901703,0.8141222809993958,758.465433303834,1177.7888685643038,5280,3872,-1408,3999.9999084472656,3753.966839210596,0.93849173128302,0.0,/mnt/8tb_hdd2/joyce/test/M80_US_InF_H11.txt
/mnt/8tb_hdd2/joyce/Minxiong/Minxiong_new/Minxiong.p03.hdf,H11,test,inflow,result_upstreamBC2_flow_per_face_sum,239,7201,0.8625047972581803,0.5243952759928698,1213.276352079184,1756.3852794406666,3480,3872,392,3000.0,3753.966839210596,1.2513222797368653,0.0,/mnt/8tb_hdd2/joyce/test/M80_US_InF_H11.txt
/mnt/8tb_hdd2/joyce/Minxiong/Minxiong_new/Minxiong.p03.hdf,H11,test,precipitation,Event Conditions/Unsteady/Boundary Conditions/Precipitation Hydrographs/2D: per2,239,61,-0.33549850092820804,1.6343185129761018,26.42931553411439,58.32593492622948,175,88,-87,0.9970588263343363,58.689632416,58.86275800974661,0.0,/mnt/8tb_hdd2/joyce/test/M80_Pr_H11.txt
/mnt/8tb_hdd2/joyce/Minxiong/Minxiong_new/Minxiong.p03.hdf,H12,test,inflow,event_upstreamBC1,239,61,0.7875828269569628,0.6517931773853365,648.3803256890747,961.8941121998992,174,104,-70,3991.0363707983192,3770.593860279,0.9447655971936872,0.0,/mnt/8tb_hdd2/joyce/test/M80_US_InF_H12.txt
/mnt/8tb_hdd2/joyce/Minxiong/Minxiong_new/Minxiong.p03.hdf,H12,test,inflow,event_upstreamBC2,239,61,0.9442424133238041,0.3339388766711511,1161.8921936306128,1556.7052219915308,115,104,-11,2998.9915966386557,3770.593860279,1.2572872376518744,0.0,/mnt/8tb_hdd2/joyce/test/M80_US_InF_H12.txt
/mnt/8tb_hdd2/joyce/Minxiong/Minxiong_new/Minxiong.p03.hdf,H12,test,inflow,result_upstreamBC1,239,7201,0.7855853325779277,0.6548506202517826,648.7258717170488,961.7808455171421,5280,3147,-2133,4000.0,3770.5262798422877,0.942631569960572,0.0,/mnt/8tb_hdd2/joyce/test/M80_US_InF_H12.txt
/mnt/8tb_hdd2/joyce/Minxiong/Minxiong_new/Minxiong.p03.hdf,H12,test,inflow,result_upstreamBC2,239,7201,0.9442919941328116,0.33379037094316794,1162.8918643674397,1556.6732677464074,3480,3147,-333,3000.0,3770.5262798422877,1.2568420932807627,0.0,/mnt/8tb_hdd2/joyce/test/M80_US_InF_H12.txt
/mnt/8tb_hdd2/joyce/Minxiong/Minxiong_new/Minxiong.p03.hdf,H12,test,inflow,result_upstreamBC1_flow_per_face_sum,239,7201,0.7855853321214427,0.6548506209488655,648.725872187654,961.780814999564,5280,3147,-2133,3999.9999084472656,3770.5262798422877,0.9426315915356969,0.0,/mnt/8tb_hdd2/joyce/test/M80_US_InF_H12.txt
/mnt/8tb_hdd2/joyce/Minxiong/Minxiong_new/Minxiong.p03.hdf,H12,test,inflow,result_upstreamBC2_flow_per_face_sum,239,7201,0.9442919941328116,0.33379037094316794,1162.8918643674397,1556.6732677464074,3480,3147,-333,3000.0,3770.5262798422877,1.2568420932807627,0.0,/mnt/8tb_hdd2/joyce/test/M80_US_InF_H12.txt
/mnt/8tb_hdd2/joyce/Minxiong/Minxiong_new/Minxiong.p03.hdf,H12,test,precipitation,Event Conditions/Unsteady/Boundary Conditions/Precipitation Hydrographs/2D: per2,239,61,-0.335625604930358,1.6343962829928107,29.60845097802952,65.06661460523127,175,87,-88,0.9970588263343363,65.425270081,65.61826479339688,0.0,/mnt/8tb_hdd2/joyce/test/M80_Pr_H12.txt
/mnt/8tb_hdd2/joyce/Minxiong/Minxiong_new/Minxiong.p03.hdf,H13,test,inflow,event_upstreamBC1,239,61,0.8246951243242897,0.5921230880074014,602.2001823827104,1126.9174306783193,174,112,-62,3991.0363707983192,3179.972728543,0.7967786893174607,0.0,/mnt/8tb_hdd2/joyce/test/M80_US_InF_H13.txt
/mnt/8tb_hdd2/joyce/Minxiong/Minxiong_new/Minxiong.p03.hdf,H13,test,inflow,event_upstreamBC2,239,61,0.9436821630787636,0.33561238630669255,965.0610162298672,1477.981553115973,115,112,-3,2998.9915966386557,3179.972728543,1.0603473287845129,0.0,/mnt/8tb_hdd2/joyce/test/M80_US_InF_H13.txt
/mnt/8tb_hdd2/joyce/Minxiong/Minxiong_new/Minxiong.p03.hdf,H13,test,inflow,result_upstreamBC1,239,7201,0.8232497268172095,0.5945591193191648,601.3271535927239,1139.9895096474665,5280,3388,-1892,4000.0,3179.968951825681,0.7949922379564203,0.0,/mnt/8tb_hdd2/joyce/test/M80_US_InF_H13.txt
/mnt/8tb_hdd2/joyce/Minxiong/Minxiong_new/Minxiong.p03.hdf,H13,test,inflow,result_upstreamBC2,239,7201,0.9436658595109353,0.3356609613555473,964.3009240489274,1477.9587405936823,3480,3388,-92,3000.0,3179.968951825681,1.0599896506085604,0.0,/mnt/8tb_hdd2/joyce/test/M80_US_InF_H13.txt
/mnt/8tb_hdd2/joyce/Minxiong/Minxiong_new/Minxiong.p03.hdf,H13,test,inflow,result_upstreamBC1_flow_per_face_sum,239,7201,0.8232497262369319,0.5945591202951443,601.3271542131278,1139.9894180947322,5280,3388,-1892,3999.9999084472656,3179.968951825681,0.7949922561523489,0.0,/mnt/8tb_hdd2/joyce/test/M80_US_InF_H13.txt
/mnt/8tb_hdd2/joyce/Minxiong/Minxiong_new/Minxiong.p03.hdf,H13,test,inflow,result_upstreamBC2_flow_per_face_sum,239,7201,0.9436658595109353,0.3356609613555473,964.3009240489274,1477.9587405936823,3480,3388,-92,3000.0,3179.968951825681,1.0599896506085604,0.0,/mnt/8tb_hdd2/joyce/test/M80_US_InF_H13.txt
/mnt/8tb_hdd2/joyce/Minxiong/Minxiong_new/Minxiong.p03.hdf,H13,test,precipitation,Event Conditions/Unsteady/Boundary Conditions/Precipitation Hydrographs/2D: per2,239,61,-0.3355625402653869,1.634357696629099,30.2729209702481,66.34637687323128,175,87,-88,0.9970588263343363,66.705032349,66.90180216772116,0.0,/mnt/8tb_hdd2/joyce/test/M80_Pr_H13.txt
/mnt/8tb_hdd2/joyce/Minxiong/Minxiong_new/Minxiong.p03.hdf,H14,test,inflow,event_upstreamBC1,239,61,0.8180556731099168,0.6032318408208954,575.0930258713979,1070.1981424730507,174,120,-54,3991.0363707983192,3567.069,0.8937701059553326,0.0,/mnt/8tb_hdd2/joyce/test/M80_US_InF_H14.txt
/mnt/8tb_hdd2/joyce/Minxiong/Minxiong_new/Minxiong.p03.hdf,H14,test,inflow,event_upstreamBC2,239,61,0.9421154133104026,0.3402486934276062,1043.1172337757878,1491.2142219915308,115,120,5,2998.9915966386557,3567.069,1.189422805985205,0.0,/mnt/8tb_hdd2/joyce/test/M80_US_InF_H14.txt
/mnt/8tb_hdd2/joyce/Minxiong/Minxiong_new/Minxiong.p03.hdf,H14,test,inflow,result_upstreamBC1,239,7201,0.8165594058668622,0.6057071802994218,575.0521369287342,1070.094779876406,5280,3630,-1650,4000.0,3566.922708208583,0.8917306770521458,0.0,/mnt/8tb_hdd2/joyce/test/M80_US_InF_H14.txt
/mnt/8tb_hdd2/joyce/Minxiong/Minxiong_new/Minxiong.p03.hdf,H14,test,inflow,result_upstreamBC2,239,7201,0.9422497783029704,0.3398535616910014,1043.7345146460214,1491.163459113674,3480,3630,150,3000.0,3566.922708208583,1.1889742360695277,0.0,/mnt/8tb_hdd2/joyce/test/M80_US_InF_H14.txt
/mnt/8tb_hdd2/joyce/Minxiong/Minxiong_new/Minxiong.p03.hdf,H14,test,inflow,result_upstreamBC1_flow_per_face_sum,239,7201,0.8165594054206265,0.6057071810361392,575.0521374776254,1070.0947493588278,5280,3630,-1650,3999.9999084472656,3566.922708208583,0.8917306974622417,0.0,/mnt/8tb_hdd2/joyce/test/M80_US_InF_H14.txt
/mnt/8tb_hdd2/joyce/Minxiong/Minxiong_new/Minxiong.p03.hdf,H14,test,inflow,result_upstreamBC2_flow_per_face_sum,239,7201,0.9422497783029704,0.3398535616910014,1043.7345146460214,1491.163459113674,3480,3630,150,3000.0,3566.922708208583,1.1889742360695277,0.0,/mnt/8tb_hdd2/joyce/test/M80_US_InF_H14.txt
/mnt/8tb_hdd2/joyce/Minxiong/Minxiong_new/Minxiong.p03.hdf,H14,test,precipitation,Event Conditions/Unsteady/Boundary Conditions/Precipitation Hydrographs/2D: per2,239,61,-0.33557659781739096,1.634366297876575,27.53359853885759,60.86706397623128,175,87,-88,0.9970588263343363,61.225719452,61.406326121293105,0.0,/mnt/8tb_hdd2/joyce/test/M80_Pr_H14.txt
/mnt/8tb_hdd2/joyce/Minxiong/Minxiong_new/Minxiong.p03.hdf,H15,test,inflow,event_upstreamBC1,239,61,0.6348531923558314,0.8545721826085481,708.6930541735661,1193.2655689214707,174,128,-46,3991.0363707983192,3395.156836327,0.8506955389253626,0.0,/mnt/8tb_hdd2/joyce/test/M80_US_InF_H15.txt
/mnt/8tb_hdd2/joyce/Minxiong/Minxiong_new/Minxiong.p03.hdf,H15,test,inflow,event_upstreamBC2,239,61,0.8441069147242147,0.5583781608834381,969.5933624003475,1515.2705106261765,115,128,13,2998.9915966386557,3395.156836327,1.132099483083706,0.0,/mnt/8tb_hdd2/joyce/test/M80_US_InF_H15.txt
/mnt/8tb_hdd2/joyce/Minxiong/Minxiong_new/Minxiong.p03.hdf,H15,test,inflow,result_upstreamBC1,239,7201,0.6322424616202295,0.8576217562302983,708.144483677083,1198.5127192286668,5280,3872,-1408,4000.0,3395.136189842191,0.8487840474605478,0.0,/mnt/8tb_hdd2/joyce/test/M80_US_InF_H15.txt
/mnt/8tb_hdd2/joyce/Minxiong/Minxiong_new/Minxiong.p03.hdf,H15,test,inflow,result_upstreamBC2,239,7201,0.8440115265311766,0.5585489655685053,969.7007953520265,1515.2669112889016,3480,3872,392,3000.0,3395.136189842191,1.1317120632807303,0.0,/mnt/8tb_hdd2/joyce/test/M80_US_InF_H15.txt
/mnt/8tb_hdd2/joyce/Minxiong/Minxiong_new/Minxiong.p03.hdf,H15,test,inflow,result_upstreamBC1_flow_per_face_sum,239,7201,0.6322424608643908,0.8576217571116173,708.1444844348973,1198.5126276759324,5280,3872,-1408,3999.9999084472656,3395.136189842191,0.8487840668876733,0.0,/mnt/8tb_hdd2/joyce/test/M80_US_InF_H15.txt
/mnt/8tb_hdd2/joyce/Minxiong/Minxiong_new/Minxiong.p03.hdf,H15,test,inflow,result_upstreamBC2_flow_per_face_sum,239,7201,0.8440115265311766,0.5585489655685053,969.7007953520265,1515.2669112889016,3480,3872,392,3000.0,3395.136189842191,1.1317120632807303,0.0,/mnt/8tb_hdd2/joyce/test/M80_US_InF_H15.txt
/mnt/8tb_hdd2/joyce/Minxiong/Minxiong_new/Minxiong.p03.hdf,H15,test,precipitation,Event Conditions/Unsteady/Boundary Conditions/Precipitation Hydrographs/2D: per2,239,61,-0.3356543497201535,1.6344138703034514,34.26885821905452,75.56713441922949,175,88,-87,0.9970588263343363,75.930831909,76.15481644965519,0.0,/mnt/8tb_hdd2/joyce/test/M80_Pr_H15.txt
