hdf_file,hydrograph_id,split,compare_kind,series_name,hgn_length,hdf_length,corr,nrmse_z,rmse,max_abs_diff,ref_peak_index,candidate_peak_index,peak_index_diff,ref_peak,candidate_peak,peak_ratio,exact_or_close,hgn_file
/mnt/8tb_hdd2/joyce/hecras-dataset/origin/Linux_RAS_v66/Minxiong_hgn_h1h6/outputs_seed/planH1/Minxiong.p01.hdf,H1,train,inflow,event_upstreamBC1,239,239,0.999999999999996,9.029020422017848e-08,6.598542269029407e-05,0.00012144762513344176,112,112,0,3776.86962890625,3776.869530938,0.9999999740609924,1.0,/mnt/8tb_hdd2/joyce/train/M80_US_InF_H1.txt
/mnt/8tb_hdd2/joyce/hecras-dataset/origin/Linux_RAS_v66/Minxiong_hgn_h1h6/outputs_seed/planH1/Minxiong.p01.hdf,H1,train,inflow,event_upstreamBC2,239,31,0.2916833203760999,1.1902240794269794,1660.799728085674,2442.7518838791766,222,112,-110,2997.9831932773104,3776.869530938,1.2598034369929982,0.0,/mnt/8tb_hdd2/joyce/train/M80_US_InF_H1.txt
/mnt/8tb_hdd2/joyce/hecras-dataset/origin/Linux_RAS_v66/Minxiong_hgn_h1h6/outputs_seed/planH1/Minxiong.p01.hdf,H1,train,inflow,result_upstreamBC1,239,239,0.9999999999999845,1.7246480783620116e-07,0.00012700439133656404,0.00036261337481846567,112,112,0,3776.86962890625,3776.869530938,0.9999999740609924,1.0,/mnt/8tb_hdd2/joyce/train/M80_US_InF_H1.txt
/mnt/8tb_hdd2/joyce/hecras-dataset/origin/Linux_RAS_v66/Minxiong_hgn_h1h6/outputs_seed/planH1/Minxiong.p01.hdf,H1,train,inflow,result_upstreamBC2,239,239,0.28624630013180596,1.194783411224138,1669.9404673833476,2456.869530938,224,112,-112,3000.0,3776.869530938,1.2589565103126668,0.0,/mnt/8tb_hdd2/joyce/train/M80_US_InF_H1.txt
/mnt/8tb_hdd2/joyce/hecras-dataset/origin/Linux_RAS_v66/Minxiong_hgn_h1h6/outputs_seed/planH1/Minxiong.p01.hdf,H1,train,inflow,result_upstreamBC1_flow_per_face_sum,239,239,0.9999999999999891,1.4956250253361897e-07,0.00010967636108476656,0.00030157821856846567,112,112,0,3776.86962890625,3776.869530938,0.9999999740609924,1.0,/mnt/8tb_hdd2/joyce/train/M80_US_InF_H1.txt
/mnt/8tb_hdd2/joyce/hecras-dataset/origin/Linux_RAS_v66/Minxiong_hgn_h1h6/outputs_seed/planH1/Minxiong.p01.hdf,H1,train,inflow,result_upstreamBC2_flow_per_face_sum,239,239,0.28624630013180596,1.194783411224138,1669.9404673833476,2456.869530938,224,112,-112,3000.0,3776.869530938,1.2589565103126668,0.0,/mnt/8tb_hdd2/joyce/train/M80_US_InF_H1.txt
/mnt/8tb_hdd2/joyce/hecras-dataset/origin/Linux_RAS_v66/Minxiong_hgn_h1h6/outputs_seed/planH1/Minxiong.p01.hdf,H1,train,precipitation,Event Conditions/Unsteady/Boundary Conditions/Precipitation Hydrographs/2D: per2,239,239,1.0,1.2294236374205922e-11,2.5746846951789737e-10,4.980478252036846e-10,88,88,0,67.92356872558594,67.923568726,1.000000000006096,1.0,/mnt/8tb_hdd2/joyce/train/M80_Pr_H1.txt
/mnt/8tb_hdd2/joyce/hecras-dataset/origin/Linux_RAS_v66/Minxiong_hgn_h1h6/outputs_seed/planH1/Minxiong.p01.hdf,H2,train,inflow,event_upstreamBC1,239,239,0.9635757813350587,0.26990449668333094,241.54055908396566,628.9595267956249,112,128,16,3776.86962890625,3802.466187625,1.0067771888451873,0.0,/mnt/8tb_hdd2/joyce/train/M80_US_InF_H2.txt
/mnt/8tb_hdd2/joyce/hecras-dataset/origin/Linux_RAS_v66/Minxiong_hgn_h1h6/outputs_seed/planH1/Minxiong.p01.hdf,H2,train,inflow,event_upstreamBC2,239,31,0.06069464528408745,1.3706242043068644,1656.5996258744085,2514.860035238314,222,128,-94,2997.9831932773104,3802.466187625,1.268341395692833,0.0,/mnt/8tb_hdd2/joyce/train/M80_US_InF_H2.txt
/mnt/8tb_hdd2/joyce/hecras-dataset/origin/Linux_RAS_v66/Minxiong_hgn_h1h6/outputs_seed/planH1/Minxiong.p01.hdf,H2,train,inflow,result_upstreamBC1,239,239,0.9635757825354838,0.2699044922357384,241.54054801096876,628.9595267956249,112,128,16,3776.86962890625,3802.466187625,1.0067771888451873,0.0,/mnt/8tb_hdd2/joyce/train/M80_US_InF_H2.txt
/mnt/8tb_hdd2/joyce/hecras-dataset/origin/Linux_RAS_v66/Minxiong_hgn_h1h6/outputs_seed/planH1/Minxiong.p01.hdf,H2,train,inflow,result_upstreamBC2,239,239,0.05456728341886038,1.375087427461352,1664.7630005057372,2522.062955078125,224,128,-96,3000.0,3802.466187625,1.2674887292083334,0.0,/mnt/8tb_hdd2/joyce/train/M80_US_InF_H2.txt
/mnt/8tb_hdd2/joyce/hecras-dataset/origin/Linux_RAS_v66/Minxiong_hgn_h1h6/outputs_seed/planH1/Minxiong.p01.hdf,H2,train,inflow,result_upstreamBC1_flow_per_face_sum,239,239,0.9635757835504477,0.26990448847528103,241.54054924346818,628.9595878307812,112,128,16,3776.86962890625,3802.466187625,1.0067771888451873,0.0,/mnt/8tb_hdd2/joyce/train/M80_US_InF_H2.txt
/mnt/8tb_hdd2/joyce/hecras-dataset/origin/Linux_RAS_v66/Minxiong_hgn_h1h6/outputs_seed/planH1/Minxiong.p01.hdf,H2,train,inflow,result_upstreamBC2_flow_per_face_sum,239,239,0.05456728341886038,1.375087427461352,1664.7630005057372,2522.062955078125,224,128,-96,3000.0,3802.466187625,1.2674887292083334,0.0,/mnt/8tb_hdd2/joyce/train/M80_US_InF_H2.txt
/mnt/8tb_hdd2/joyce/hecras-dataset/origin/Linux_RAS_v66/Minxiong_hgn_h1h6/outputs_seed/planH1/Minxiong.p01.hdf,H2,train,precipitation,Event Conditions/Unsteady/Boundary Conditions/Precipitation Hydrographs/2D: per2,239,239,0.9996555144993451,0.026248257110053637,1.7372248708037328,4.3497352599238255,88,87,-1,67.92356872558594,71.740776062,1.0561985685975326,0.0,/mnt/8tb_hdd2/joyce/train/M80_Pr_H2.txt
/mnt/8tb_hdd2/joyce/hecras-dataset/origin/Linux_RAS_v66/Minxiong_hgn_h1h6/outputs_seed/planH1/Minxiong.p01.hdf,H3,train,inflow,event_upstreamBC1,239,239,0.9318582483868073,0.36916595621262993,317.13481868355575,847.6230856776251,112,96,-16,3776.86962890625,3924.927,1.0392010806940737,0.0,/mnt/8tb_hdd2/joyce/train/M80_US_InF_H3.txt
/mnt/8tb_hdd2/joyce/hecras-dataset/origin/Linux_RAS_v66/Minxiong_hgn_h1h6/outputs_seed/planH1/Minxiong.p01.hdf,H3,train,inflow,event_upstreamBC2,239,31,-0.05440103893977544,1.4521715042926406,1752.274629179314,2789.1530352383143,222,96,-126,2997.9831932773104,3924.927,1.309189127144299,0.0,/mnt/8tb_hdd2/joyce/train/M80_US_InF_H3.txt
/mnt/8tb_hdd2/joyce/hecras-dataset/origin/Linux_RAS_v66/Minxiong_hgn_h1h6/outputs_seed/planH1/Minxiong.p01.hdf,H3,train,inflow,result_upstreamBC1,239,239,0.9318582500496839,0.3691659517082154,317.13481133671183,847.6230856776251,112,96,-16,3776.86962890625,3924.927,1.0392010806940737,0.0,/mnt/8tb_hdd2/joyce/train/M80_US_InF_H3.txt
/mnt/8tb_hdd2/joyce/hecras-dataset/origin/Linux_RAS_v66/Minxiong_hgn_h1h6/outputs_seed/planH1/Minxiong.p01.hdf,H3,train,inflow,result_upstreamBC2,239,239,-0.06028470295894768,1.4562174995233015,1760.0139821068897,2796.355955078125,224,96,-128,3000.0,3924.927,1.308309,0.0,/mnt/8tb_hdd2/joyce/train/M80_US_InF_H3.txt
/mnt/8tb_hdd2/joyce/hecras-dataset/origin/Linux_RAS_v66/Minxiong_hgn_h1h6/outputs_seed/planH1/Minxiong.p01.hdf,H3,train,inflow,result_upstreamBC1_flow_per_face_sum,239,239,0.9318582500098352,0.36916595181615547,317.1348133048832,847.6231467127814,112,96,-16,3776.86962890625,3924.927,1.0392010806940737,0.0,/mnt/8tb_hdd2/joyce/train/M80_US_InF_H3.txt
/mnt/8tb_hdd2/joyce/hecras-dataset/origin/Linux_RAS_v66/Minxiong_hgn_h1h6/outputs_seed/planH1/Minxiong.p01.hdf,H3,train,inflow,result_upstreamBC2_flow_per_face_sum,239,239,-0.06028470295894768,1.4562174995233015,1760.0139821068897,2796.355955078125,224,96,-128,3000.0,3924.927,1.308309,0.0,/mnt/8tb_hdd2/joyce/train/M80_US_InF_H3.txt
/mnt/8tb_hdd2/joyce/hecras-dataset/origin/Linux_RAS_v66/Minxiong_hgn_h1h6/outputs_seed/planH1/Minxiong.p01.hdf,H3,train,precipitation,Event Conditions/Unsteady/Boundary Conditions/Precipitation Hydrographs/2D: per2,239,239,0.9995324669709433,0.030578849849444548,7.816255111167935,17.189258575750003,88,87,-1,67.92356872558594,50.866661072,0.7488808675160081,0.0,/mnt/8tb_hdd2/joyce/train/M80_Pr_H3.txt
/mnt/8tb_hdd2/joyce/hecras-dataset/origin/Linux_RAS_v66/Minxiong_hgn_h1h6/outputs_seed/planH1/Minxiong.p01.hdf,H4,train,inflow,event_upstreamBC1,239,239,0.7941758439162289,0.6415982482578517,573.25984901723,928.3671709472501,112,112,0,3776.86962890625,3313.656858284,0.8773553720051511,0.0,/mnt/8tb_hdd2/joyce/train/M80_US_InF_H4.txt
/mnt/8tb_hdd2/joyce/hecras-dataset/origin/Linux_RAS_v66/Minxiong_hgn_h1h6/outputs_seed/planH1/Minxiong.p01.hdf,H4,train,inflow,event_upstreamBC2,239,31,-0.3429125937969653,1.638848738472813,1545.3961585033003,2193.858132432345,222,112,-110,2997.9831932773104,3313.656858284,1.1052953417866243,0.0,/mnt/8tb_hdd2/joyce/train/M80_US_InF_H4.txt
/mnt/8tb_hdd2/joyce/hecras-dataset/origin/Linux_RAS_v66/Minxiong_hgn_h1h6/outputs_seed/planH1/Minxiong.p01.hdf,H4,train,inflow,result_upstreamBC1,239,239,0.7941758460348529,0.6415982449557462,573.2598344299374,928.3669268066251,112,112,0,3776.86962890625,3313.656858284,0.8773553720051511,0.0,/mnt/8tb_hdd2/joyce/train/M80_US_InF_H4.txt
/mnt/8tb_hdd2/joyce/hecras-dataset/origin/Linux_RAS_v66/Minxiong_hgn_h1h6/outputs_seed/planH1/Minxiong.p01.hdf,H4,train,inflow,result_upstreamBC2,239,239,-0.3485565945485672,1.6422890090045463,1550.971448089331,2199.8605656321874,224,112,-112,3000.0,3313.656858284,1.1045522860946666,0.0,/mnt/8tb_hdd2/joyce/train/M80_US_InF_H4.txt
/mnt/8tb_hdd2/joyce/hecras-dataset/origin/Linux_RAS_v66/Minxiong_hgn_h1h6/outputs_seed/planH1/Minxiong.p01.hdf,H4,train,inflow,result_upstreamBC1_flow_per_face_sum,239,239,0.7941758478501892,0.641598242126351,573.2598382454256,928.3669878417813,112,112,0,3776.86962890625,3313.656858284,0.8773553720051511,0.0,/mnt/8tb_hdd2/joyce/train/M80_US_InF_H4.txt
/mnt/8tb_hdd2/joyce/hecras-dataset/origin/Linux_RAS_v66/Minxiong_hgn_h1h6/outputs_seed/planH1/Minxiong.p01.hdf,H4,train,inflow,result_upstreamBC2_flow_per_face_sum,239,239,-0.3485565945485672,1.6422890090045463,1550.971448089331,2199.8605656321874,224,112,-112,3000.0,3313.656858284,1.1045522860946666,0.0,/mnt/8tb_hdd2/joyce/train/M80_US_InF_H4.txt
/mnt/8tb_hdd2/joyce/hecras-dataset/origin/Linux_RAS_v66/Minxiong_hgn_h1h6/outputs_seed/planH1/Minxiong.p01.hdf,H4,train,precipitation,Event Conditions/Unsteady/Boundary Conditions/Precipitation Hydrographs/2D: per2,239,239,0.9996428874160492,0.026724991448159336,2.252625338199005,5.209949493894534,88,88,0,67.92356872558594,63.224048615,0.9308116431636242,0.0,/mnt/8tb_hdd2/joyce/train/M80_Pr_H4.txt
/mnt/8tb_hdd2/joyce/hecras-dataset/origin/Linux_RAS_v66/Minxiong_hgn_h1h6/outputs_seed/planH1/Minxiong.p01.hdf,H5,train,inflow,event_upstreamBC1,239,239,0.8193869337540035,0.6010209085314694,644.4549641693692,1028.0040092702502,112,120,8,3776.86962890625,3273.61,0.8667521841223866,0.0,/mnt/8tb_hdd2/joyce/train/M80_US_InF_H5.txt
/mnt/8tb_hdd2/joyce/hecras-dataset/origin/Linux_RAS_v66/Minxiong_hgn_h1h6/outputs_seed/planH1/Minxiong.p01.hdf,H5,train,inflow,event_upstreamBC2,239,31,-0.2970331542499765,1.6106105390503171,1455.9438448549533,2010.2768732356226,222,120,-102,2997.9831932773104,3273.61,1.0919374089023435,0.0,/mnt/8tb_hdd2/joyce/train/M80_US_InF_H5.txt
/mnt/8tb_hdd2/joyce/hecras-dataset/origin/Linux_RAS_v66/Minxiong_hgn_h1h6/outputs_seed/planH1/Minxiong.p01.hdf,H5,train,inflow,result_upstreamBC1,239,239,0.8193869349636164,0.6010209065188721,644.4549489826368,1028.0037651296252,112,120,8,3776.86962890625,3273.61,0.8667521841223866,0.0,/mnt/8tb_hdd2/joyce/train/M80_US_InF_H5.txt
/mnt/8tb_hdd2/joyce/hecras-dataset/origin/Linux_RAS_v66/Minxiong_hgn_h1h6/outputs_seed/planH1/Minxiong.p01.hdf,H5,train,inflow,result_upstreamBC2,239,239,-0.30264786672109556,1.614092851555384,1461.0099418079972,2015.6789892578126,224,120,-104,3000.0,3273.61,1.0912033333333333,0.0,/mnt/8tb_hdd2/joyce/train/M80_US_InF_H5.txt
/mnt/8tb_hdd2/joyce/hecras-dataset/origin/Linux_RAS_v66/Minxiong_hgn_h1h6/outputs_seed/planH1/Minxiong.p01.hdf,H5,train,inflow,result_upstreamBC1_flow_per_face_sum,239,239,0.8193869372204136,0.6010209027639333,644.454953285784,1028.0038261647815,112,120,8,3776.86962890625,3273.61,0.8667521841223866,0.0,/mnt/8tb_hdd2/joyce/train/M80_US_InF_H5.txt
/mnt/8tb_hdd2/joyce/hecras-dataset/origin/Linux_RAS_v66/Minxiong_hgn_h1h6/outputs_seed/planH1/Minxiong.p01.hdf,H5,train,inflow,result_upstreamBC2_flow_per_face_sum,239,239,-0.30264786672109556,1.614092851555384,1461.0099418079972,2015.6789892578126,224,120,-104,3000.0,3273.61,1.0912033333333333,0.0,/mnt/8tb_hdd2/joyce/train/M80_US_InF_H5.txt
/mnt/8tb_hdd2/joyce/hecras-dataset/origin/Linux_RAS_v66/Minxiong_hgn_h1h6/outputs_seed/planH1/Minxiong.p01.hdf,H5,train,precipitation,Event Conditions/Unsteady/Boundary Conditions/Precipitation Hydrographs/2D: per2,239,239,0.9995445095940577,0.030182458678585652,6.745244523403809,15.232013702750002,88,87,-1,67.92356872558594,53.548282623,0.7883608536432664,0.0,/mnt/8tb_hdd2/joyce/train/M80_Pr_H5.txt
/mnt/8tb_hdd2/joyce/hecras-dataset/origin/Linux_RAS_v66/Minxiong_hgn_h1h6/outputs_seed/planH1/Minxiong.p01.hdf,H6,train,inflow,event_upstreamBC1,239,239,0.985908311545189,0.16787905441008488,409.10791883755167,642.95395737525,112,128,16,3776.86962890625,3347.03503992,0.8861928974999526,0.0,/mnt/8tb_hdd2/joyce/train/M80_US_InF_H6.txt
/mnt/8tb_hdd2/joyce/hecras-dataset/origin/Linux_RAS_v66/Minxiong_hgn_h1h6/outputs_seed/planH1/Minxiong.p01.hdf,H6,train,inflow,event_upstreamBC2,239,31,0.17156709166326917,1.2871929989995528,1376.8444598455887,1983.060035238314,222,128,-94,2997.9831932773104,3347.03503992,1.1164288870682815,0.0,/mnt/8tb_hdd2/joyce/train/M80_US_InF_H6.txt
/mnt/8tb_hdd2/joyce/hecras-dataset/origin/Linux_RAS_v66/Minxiong_hgn_h1h6/outputs_seed/planH1/Minxiong.p01.hdf,H6,train,inflow,result_upstreamBC1,239,239,0.9859083136354136,0.1678790419592968,409.10790043826,642.953713234625,112,128,16,3776.86962890625,3347.03503992,0.8861928974999526,0.0,/mnt/8tb_hdd2/joyce/train/M80_US_InF_H6.txt
/mnt/8tb_hdd2/joyce/hecras-dataset/origin/Linux_RAS_v66/Minxiong_hgn_h1h6/outputs_seed/planH1/Minxiong.p01.hdf,H6,train,inflow,result_upstreamBC2,239,239,0.16589431802471474,1.29159256886627,1384.1514429724812,1990.2629550781248,224,128,-96,3000.0,3347.03503992,1.11567834664,0.0,/mnt/8tb_hdd2/joyce/train/M80_US_InF_H6.txt
/mnt/8tb_hdd2/joyce/hecras-dataset/origin/Linux_RAS_v66/Minxiong_hgn_h1h6/outputs_seed/planH1/Minxiong.p01.hdf,H6,train,inflow,result_upstreamBC1_flow_per_face_sum,239,239,0.9859083131362519,0.16787904493264325,409.1079074848939,642.9537742697812,112,128,16,3776.86962890625,3347.03503992,0.8861928974999526,0.0,/mnt/8tb_hdd2/joyce/train/M80_US_InF_H6.txt
/mnt/8tb_hdd2/joyce/hecras-dataset/origin/Linux_RAS_v66/Minxiong_hgn_h1h6/outputs_seed/planH1/Minxiong.p01.hdf,H6,train,inflow,result_upstreamBC2_flow_per_face_sum,239,239,0.16589431802471474,1.29159256886627,1384.1514429724812,1990.2629550781248,224,128,-96,3000.0,3347.03503992,1.11567834664,0.0,/mnt/8tb_hdd2/joyce/train/M80_US_InF_H6.txt
/mnt/8tb_hdd2/joyce/hecras-dataset/origin/Linux_RAS_v66/Minxiong_hgn_h1h6/outputs_seed/planH1/Minxiong.p01.hdf,H6,train,precipitation,Event Conditions/Unsteady/Boundary Conditions/Precipitation Hydrographs/2D: per2,239,239,0.9995146551754956,0.0311558926852147,4.75111207236326,10.622608184585935,88,87,-1,67.92356872558594,57.482151031,0.8462769567251435,0.0,/mnt/8tb_hdd2/joyce/train/M80_Pr_H6.txt
/mnt/8tb_hdd2/joyce/hecras-dataset/origin/Linux_RAS_v66/Minxiong_hgn_h1h6/outputs_seed/planH1/Minxiong.p01.hdf,H7,train,inflow,event_upstreamBC1,239,239,0.9808392826788188,0.1957586132009578,143.6069220791638,370.3908514803752,112,112,0,3776.86962890625,3812.946467066,1.009552047516715,0.0,/mnt/8tb_hdd2/joyce/train/M80_US_InF_H7.txt
/mnt/8tb_hdd2/joyce/hecras-dataset/origin/Linux_RAS_v66/Minxiong_hgn_h1h6/outputs_seed/planH1/Minxiong.p01.hdf,H7,train,inflow,event_upstreamBC2,239,31,0.141055556596071,1.3106826033818628,1719.3877718762553,2508.949645755909,222,112,-110,2997.9831932773104,3812.946467066,1.2718371722750703,0.0,/mnt/8tb_hdd2/joyce/train/M80_US_InF_H7.txt
/mnt/8tb_hdd2/joyce/hecras-dataset/origin/Linux_RAS_v66/Minxiong_hgn_h1h6/outputs_seed/planH1/Minxiong.p01.hdf,H7,train,inflow,result_upstreamBC1,239,239,0.9808392846652743,0.19575860305348078,143.6069143741231,370.3908514803752,112,112,0,3776.86962890625,3812.946467066,1.009552047516715,0.0,/mnt/8tb_hdd2/joyce/train/M80_US_InF_H7.txt
/mnt/8tb_hdd2/joyce/hecras-dataset/origin/Linux_RAS_v66/Minxiong_hgn_h1h6/outputs_seed/planH1/Minxiong.p01.hdf,H7,train,inflow,result_upstreamBC2,239,239,0.13524589417308336,1.3151076806306898,1728.0729974145913,2515.5522432890625,224,112,-112,3000.0,3812.946467066,1.2709821556886667,0.0,/mnt/8tb_hdd2/joyce/train/M80_US_InF_H7.txt
/mnt/8tb_hdd2/joyce/hecras-dataset/origin/Linux_RAS_v66/Minxiong_hgn_h1h6/outputs_seed/planH1/Minxiong.p01.hdf,H7,train,inflow,result_upstreamBC1_flow_per_face_sum,239,239,0.9808392849836539,0.19575860142709342,143.60691327431798,370.39079044521895,112,112,0,3776.86962890625,3812.946467066,1.009552047516715,0.0,/mnt/8tb_hdd2/joyce/train/M80_US_InF_H7.txt
/mnt/8tb_hdd2/joyce/hecras-dataset/origin/Linux_RAS_v66/Minxiong_hgn_h1h6/outputs_seed/planH1/Minxiong.p01.hdf,H7,train,inflow,result_upstreamBC2_flow_per_face_sum,239,239,0.13524589417308336,1.3151076806306898,1728.0729974145913,2515.5522432890625,224,112,-112,3000.0,3812.946467066,1.2709821556886667,0.0,/mnt/8tb_hdd2/joyce/train/M80_US_InF_H7.txt
/mnt/8tb_hdd2/joyce/hecras-dataset/origin/Linux_RAS_v66/Minxiong_hgn_h1h6/outputs_seed/planH1/Minxiong.p01.hdf,H7,train,precipitation,Event Conditions/Unsteady/Boundary Conditions/Precipitation Hydrographs/2D: per2,239,239,0.999653648336317,0.02631925772827877,3.916317755541096,9.060298919749997,88,87,-1,67.92356872558594,59.882778168,0.8816200222036173,0.0,/mnt/8tb_hdd2/joyce/train/M80_Pr_H7.txt
/mnt/8tb_hdd2/joyce/hecras-dataset/origin/Linux_RAS_v66/Minxiong_hgn_h1h6/outputs_seed/planH1/Minxiong.p01.hdf,H8,train,inflow,event_upstreamBC1,239,239,0.9720675233326,0.23635768093040646,321.39226494558324,632.301111625625,112,112,0,3776.86962890625,3664.160580838,0.9701580782122762,0.0,/mnt/8tb_hdd2/joyce/train/M80_US_InF_H8.txt
/mnt/8tb_hdd2/joyce/hecras-dataset/origin/Linux_RAS_v66/Minxiong_hgn_h1h6/outputs_seed/planH1/Minxiong.p01.hdf,H8,train,inflow,event_upstreamBC2,239,31,0.09293890371387944,1.3468935342380415,1525.2689320466484,2330.0429337791766,222,112,-110,2997.9831932773104,3664.160580838,1.2222085130612235,0.0,/mnt/8tb_hdd2/joyce/train/M80_US_InF_H8.txt
/mnt/8tb_hdd2/joyce/hecras-dataset/origin/Linux_RAS_v66/Minxiong_hgn_h1h6/outputs_seed/planH1/Minxiong.p01.hdf,H8,train,inflow,result_upstreamBC1,239,239,0.9720675244372058,0.23635767625695459,321.3922495401746,632.301111625625,112,112,0,3776.86962890625,3664.160580838,0.9701580782122762,0.0,/mnt/8tb_hdd2/joyce/train/M80_US_InF_H8.txt
/mnt/8tb_hdd2/joyce/hecras-dataset/origin/Linux_RAS_v66/Minxiong_hgn_h1h6/outputs_seed/planH1/Minxiong.p01.hdf,H8,train,inflow,result_upstreamBC2,239,239,0.08701354753216779,1.3512856489046514,1532.985959082716,2344.160580838,224,112,-112,3000.0,3664.160580838,1.2213868602793334,0.0,/mnt/8tb_hdd2/joyce/train/M80_US_InF_H8.txt
/mnt/8tb_hdd2/joyce/hecras-dataset/origin/Linux_RAS_v66/Minxiong_hgn_h1h6/outputs_seed/planH1/Minxiong.p01.hdf,H8,train,inflow,result_upstreamBC1_flow_per_face_sum,239,239,0.9720675254817418,0.23635767183765638,321.392253542967,632.3011726607813,112,112,0,3776.86962890625,3664.160580838,0.9701580782122762,0.0,/mnt/8tb_hdd2/joyce/train/M80_US_InF_H8.txt
/mnt/8tb_hdd2/joyce/hecras-dataset/origin/Linux_RAS_v66/Minxiong_hgn_h1h6/outputs_seed/planH1/Minxiong.p01.hdf,H8,train,inflow,result_upstreamBC2_flow_per_face_sum,239,239,0.08701354753216779,1.3512856489046514,1532.985959082716,2344.160580838,224,112,-112,3000.0,3664.160580838,1.2213868602793334,0.0,/mnt/8tb_hdd2/joyce/train/M80_US_InF_H8.txt
/mnt/8tb_hdd2/joyce/hecras-dataset/origin/Linux_RAS_v66/Minxiong_hgn_h1h6/outputs_seed/planH1/Minxiong.p01.hdf,H8,train,precipitation,Event Conditions/Unsteady/Boundary Conditions/Precipitation Hydrographs/2D: per2,239,239,0.9997030638043689,0.02436949714826446,2.2645542780720658,5.136703491472659,88,87,-1,67.92356872558594,63.256023407,0.9312823898072403,0.0,/mnt/8tb_hdd2/joyce/train/M80_Pr_H8.txt
/mnt/8tb_hdd2/joyce/hecras-dataset/origin/Linux_RAS_v66/Minxiong_hgn_h1h6/outputs_seed/planH1/Minxiong.p01.hdf,H9,train,inflow,event_upstreamBC1,239,239,0.8805415783015123,0.48879120634170253,359.01626671343615,882.4539404296875,112,104,-8,3776.86962890625,3766.986391217,0.9973832197930241,0.0,/mnt/8tb_hdd2/joyce/train/M80_US_InF_H9.txt
/mnt/8tb_hdd2/joyce/hecras-dataset/origin/Linux_RAS_v66/Minxiong_hgn_h1h6/outputs_seed/planH1/Minxiong.p01.hdf,H9,train,inflow,event_upstreamBC2,239,31,-0.17335190446880708,1.5318954954361652,1779.5331507554827,2553.877147519521,222,104,-118,2997.9831932773104,3766.986391217,1.2565068408869353,0.0,/mnt/8tb_hdd2/joyce/train/M80_US_InF_H9.txt
/mnt/8tb_hdd2/joyce/hecras-dataset/origin/Linux_RAS_v66/Minxiong_hgn_h1h6/outputs_seed/planH1/Minxiong.p01.hdf,H9,train,inflow,result_upstreamBC1,239,239,0.8805415812385176,0.4887912003329897,359.01626045049517,882.4539404296875,112,104,-8,3776.86962890625,3766.986391217,0.9973832197930241,0.0,/mnt/8tb_hdd2/joyce/train/M80_US_InF_H9.txt
/mnt/8tb_hdd2/joyce/hecras-dataset/origin/Linux_RAS_v66/Minxiong_hgn_h1h6/outputs_seed/planH1/Minxiong.p01.hdf,H9,train,inflow,result_upstreamBC2,239,239,-0.1792305075361108,1.5357281709574198,1787.129409227326,2566.986391217,224,104,-120,3000.0,3766.986391217,1.2556621304056665,0.0,/mnt/8tb_hdd2/joyce/train/M80_US_InF_H9.txt
/mnt/8tb_hdd2/joyce/hecras-dataset/origin/Linux_RAS_v66/Minxiong_hgn_h1h6/outputs_seed/planH1/Minxiong.p01.hdf,H9,train,inflow,result_upstreamBC1_flow_per_face_sum,239,239,0.8805415830015639,0.4887911967260391,359.01625915570276,882.4539556884765,112,104,-8,3776.86962890625,3766.986391217,0.9973832197930241,0.0,/mnt/8tb_hdd2/joyce/train/M80_US_InF_H9.txt
/mnt/8tb_hdd2/joyce/hecras-dataset/origin/Linux_RAS_v66/Minxiong_hgn_h1h6/outputs_seed/planH1/Minxiong.p01.hdf,H9,train,inflow,result_upstreamBC2_flow_per_face_sum,239,239,-0.1792305075361108,1.5357281709574198,1787.129409227326,2566.986391217,224,104,-120,3000.0,3766.986391217,1.2556621304056665,0.0,/mnt/8tb_hdd2/joyce/train/M80_US_InF_H9.txt
/mnt/8tb_hdd2/joyce/hecras-dataset/origin/Linux_RAS_v66/Minxiong_hgn_h1h6/outputs_seed/planH1/Minxiong.p01.hdf,H9,train,precipitation,Event Conditions/Unsteady/Boundary Conditions/Precipitation Hydrographs/2D: per2,239,239,0.999684741545043,0.025110095776680965,2.5506744848805356,5.799068450585935,88,87,-1,67.92356872558594,62.166553497,0.9152427450942026,0.0,/mnt/8tb_hdd2/joyce/train/M80_Pr_H9.txt
/mnt/8tb_hdd2/joyce/hecras-dataset/origin/Linux_RAS_v66/Minxiong_hgn_h1h6/outputs_seed/planH1/Minxiong.p01.hdf,H10,train,inflow,event_upstreamBC1,239,239,0.9651556233571192,0.2639862748056413,597.7155503164912,893.47256815325,112,144,32,3776.86962890625,3176.331,0.8409956689238011,0.0,/mnt/8tb_hdd2/joyce/train/M80_US_InF_H10.txt
/mnt/8tb_hdd2/joyce/hecras-dataset/origin/Linux_RAS_v66/Minxiong_hgn_h1h6/outputs_seed/planH1/Minxiong.p01.hdf,H10,train,inflow,event_upstreamBC2,239,31,0.052834200564095476,1.3763471941598926,1299.363393318363,1813.8927232513452,222,144,-78,2997.9831932773104,3176.331,1.0594892616885303,0.0,/mnt/8tb_hdd2/joyce/train/M80_US_InF_H10.txt
/mnt/8tb_hdd2/joyce/hecras-dataset/origin/Linux_RAS_v66/Minxiong_hgn_h1h6/outputs_seed/planH1/Minxiong.p01.hdf,H10,train,inflow,result_upstreamBC1,239,239,0.96515562406485,0.2639862721247032,597.7155337932243,893.472324012625,112,144,32,3776.86962890625,3176.331,0.8409956689238011,0.0,/mnt/8tb_hdd2/joyce/train/M80_US_InF_H10.txt
/mnt/8tb_hdd2/joyce/hecras-dataset/origin/Linux_RAS_v66/Minxiong_hgn_h1h6/outputs_seed/planH1/Minxiong.p01.hdf,H10,train,inflow,result_upstreamBC2,239,239,0.04702766895254076,1.3805595467399872,1305.3903761183199,1819.8951564511876,224,144,-80,3000.0,3176.331,1.058777,0.0,/mnt/8tb_hdd2/joyce/train/M80_US_InF_H10.txt
/mnt/8tb_hdd2/joyce/hecras-dataset/origin/Linux_RAS_v66/Minxiong_hgn_h1h6/outputs_seed/planH1/Minxiong.p01.hdf,H10,train,inflow,result_upstreamBC1_flow_per_face_sum,239,239,0.9651556245260831,0.2639862703775189,597.7155400375623,893.4723850477812,112,144,32,3776.86962890625,3176.331,0.8409956689238011,0.0,/mnt/8tb_hdd2/joyce/train/M80_US_InF_H10.txt
/mnt/8tb_hdd2/joyce/hecras-dataset/origin/Linux_RAS_v66/Minxiong_hgn_h1h6/outputs_seed/planH1/Minxiong.p01.hdf,H10,train,inflow,result_upstreamBC2_flow_per_face_sum,239,239,0.04702766895254076,1.3805595467399872,1305.3903761183199,1819.8951564511876,224,144,-80,3000.0,3176.331,1.058777,0.0,/mnt/8tb_hdd2/joyce/train/M80_US_InF_H10.txt
/mnt/8tb_hdd2/joyce/hecras-dataset/origin/Linux_RAS_v66/Minxiong_hgn_h1h6/outputs_seed/planH1/Minxiong.p01.hdf,H10,train,precipitation,Event Conditions/Unsteady/Boundary Conditions/Precipitation Hydrographs/2D: per2,239,239,0.9996366887234452,0.02695593725155562,3.0961763128027804,7.164100646585936,88,87,-1,67.92356872558594,61.519306183,0.9057136916869102,0.0,/mnt/8tb_hdd2/joyce/train/M80_Pr_H10.txt
/mnt/8tb_hdd2/joyce/hecras-dataset/origin/Linux_RAS_v66/Minxiong_hgn_h1h6/outputs_seed/planH1/Minxiong.p01.hdf,H11,test,inflow,event_upstreamBC1,239,239,0.9269252270288451,0.3822951032151877,275.446317656464,524.5679814453124,112,128,16,3776.86962890625,3754.147968064,0.993983996517023,0.0,/mnt/8tb_hdd2/joyce/test/M80_US_InF_H11.txt
/mnt/8tb_hdd2/joyce/hecras-dataset/origin/Linux_RAS_v66/Minxiong_hgn_h1h6/outputs_seed/planH1/Minxiong.p01.hdf,H11,test,inflow,event_upstreamBC2,239,31,-0.07126433602144461,1.463737910980955,1743.159251242987,2544.666407881345,222,128,-94,2997.9831932773104,3754.147968064,1.2522244876096424,0.0,/mnt/8tb_hdd2/joyce/test/M80_US_InF_H11.txt
/mnt/8tb_hdd2/joyce/hecras-dataset/origin/Linux_RAS_v66/Minxiong_hgn_h1h6/outputs_seed/planH1/Minxiong.p01.hdf,H11,test,inflow,result_upstreamBC1,239,239,0.9269252302353793,0.38229509482759744,275.4463074490084,524.5679814453124,112,128,16,3776.86962890625,3754.147968064,0.993983996517023,0.0,/mnt/8tb_hdd2/joyce/test/M80_US_InF_H11.txt
/mnt/8tb_hdd2/joyce/hecras-dataset/origin/Linux_RAS_v66/Minxiong_hgn_h1h6/outputs_seed/planH1/Minxiong.p01.hdf,H11,test,inflow,result_upstreamBC2,239,239,-0.0771626930978824,1.4677620332314651,1750.9486148047486,2550.6688410811876,224,128,-96,3000.0,3754.147968064,1.2513826560213333,0.0,/mnt/8tb_hdd2/joyce/test/M80_US_InF_H11.txt
/mnt/8tb_hdd2/joyce/hecras-dataset/origin/Linux_RAS_v66/Minxiong_hgn_h1h6/outputs_seed/planH1/Minxiong.p01.hdf,H11,test,inflow,result_upstreamBC1_flow_per_face_sum,239,239,0.9269252299617844,0.38229509554326013,275.44630951648213,524.5679967041015,112,128,16,3776.86962890625,3754.147968064,0.993983996517023,0.0,/mnt/8tb_hdd2/joyce/test/M80_US_InF_H11.txt
/mnt/8tb_hdd2/joyce/hecras-dataset/origin/Linux_RAS_v66/Minxiong_hgn_h1h6/outputs_seed/planH1/Minxiong.p01.hdf,H11,test,inflow,result_upstreamBC2_flow_per_face_sum,239,239,-0.0771626930978824,1.4677620332314651,1750.9486148047486,2550.6688410811876,224,128,-96,3000.0,3754.147968064,1.2513826560213333,0.0,/mnt/8tb_hdd2/joyce/test/M80_US_InF_H11.txt
/mnt/8tb_hdd2/joyce/hecras-dataset/origin/Linux_RAS_v66/Minxiong_hgn_h1h6/outputs_seed/planH1/Minxiong.p01.hdf,H11,test,precipitation,Event Conditions/Unsteady/Boundary Conditions/Precipitation Hydrographs/2D: per2,239,239,0.9996010267753727,0.028247945929900313,4.397038582921903,9.560852050714843,88,88,0,67.92356872558594,58.689632416,0.8640540171425412,0.0,/mnt/8tb_hdd2/joyce/test/M80_Pr_H11.txt
/mnt/8tb_hdd2/joyce/hecras-dataset/origin/Linux_RAS_v66/Minxiong_hgn_h1h6/outputs_seed/planH1/Minxiong.p01.hdf,H12,test,inflow,event_upstreamBC1,239,239,0.9834299581806462,0.18204418045822338,145.64033848835484,389.3567982971249,112,104,-8,3776.86962890625,3770.593860279,0.9983383676843864,0.0,/mnt/8tb_hdd2/joyce/test/M80_US_InF_H12.txt
/mnt/8tb_hdd2/joyce/hecras-dataset/origin/Linux_RAS_v66/Minxiong_hgn_h1h6/outputs_seed/planH1/Minxiong.p01.hdf,H12,test,inflow,event_upstreamBC2,239,31,0.14264311918438172,1.309470794493423,1659.270576468561,2557.4846165815215,222,104,-118,2997.9831932773104,3770.593860279,1.2577101395145227,0.0,/mnt/8tb_hdd2/joyce/test/M80_US_InF_H12.txt
/mnt/8tb_hdd2/joyce/hecras-dataset/origin/Linux_RAS_v66/Minxiong_hgn_h1h6/outputs_seed/planH1/Minxiong.p01.hdf,H12,test,inflow,result_upstreamBC1,239,239,0.983429960378554,0.18204416838473547,145.64032287806663,389.3567982971249,112,104,-8,3776.86962890625,3770.593860279,0.9983383676843864,0.0,/mnt/8tb_hdd2/joyce/test/M80_US_InF_H12.txt
/mnt/8tb_hdd2/joyce/hecras-dataset/origin/Linux_RAS_v66/Minxiong_hgn_h1h6/outputs_seed/planH1/Minxiong.p01.hdf,H12,test,inflow,result_upstreamBC2,239,239,0.1372464941374143,1.3135855555407003,1667.6075650509197,2570.593860279,224,104,-120,3000.0,3770.593860279,1.256864620093,0.0,/mnt/8tb_hdd2/joyce/test/M80_US_InF_H12.txt
/mnt/8tb_hdd2/joyce/hecras-dataset/origin/Linux_RAS_v66/Minxiong_hgn_h1h6/outputs_seed/planH1/Minxiong.p01.hdf,H12,test,inflow,result_upstreamBC1_flow_per_face_sum,239,239,0.9834299609069515,0.18204416548216046,145.6403241797302,389.3567067443905,112,104,-8,3776.86962890625,3770.593860279,0.9983383676843864,0.0,/mnt/8tb_hdd2/joyce/test/M80_US_InF_H12.txt
/mnt/8tb_hdd2/joyce/hecras-dataset/origin/Linux_RAS_v66/Minxiong_hgn_h1h6/outputs_seed/planH1/Minxiong.p01.hdf,H12,test,inflow,result_upstreamBC2_flow_per_face_sum,239,239,0.1372464941374143,1.3135855555407003,1667.6075650509197,2570.593860279,224,104,-120,3000.0,3770.593860279,1.256864620093,0.0,/mnt/8tb_hdd2/joyce/test/M80_US_InF_H12.txt
/mnt/8tb_hdd2/joyce/hecras-dataset/origin/Linux_RAS_v66/Minxiong_hgn_h1h6/outputs_seed/planH1/Minxiong.p01.hdf,H12,test,precipitation,Event Conditions/Unsteady/Boundary Conditions/Precipitation Hydrographs/2D: per2,239,239,0.9996562485503876,0.026220276490233924,1.2998833184322092,3.3699493409277324,88,87,-1,67.92356872558594,65.425270081,0.9632189725678405,0.0,/mnt/8tb_hdd2/joyce/test/M80_Pr_H12.txt
/mnt/8tb_hdd2/joyce/hecras-dataset/origin/Linux_RAS_v66/Minxiong_hgn_h1h6/outputs_seed/planH1/Minxiong.p01.hdf,H13,test,inflow,event_upstreamBC1,239,239,0.9890363490509061,0.14807870170348236,405.8750936533734,789.2198273331251,112,112,0,3776.86962890625,3179.972728543,0.8419598876818774,0.0,/mnt/8tb_hdd2/joyce/test/M80_US_InF_H13.txt
/mnt/8tb_hdd2/joyce/hecras-dataset/origin/Linux_RAS_v66/Minxiong_hgn_h1h6/outputs_seed/planH1/Minxiong.p01.hdf,H13,test,inflow,event_upstreamBC2,239,31,0.1989160873956243,1.265767682163181,1393.7128692375495,1980.6040352383143,222,112,-110,2997.9831932773104,3179.972728543,1.0607039878254767,0.0,/mnt/8tb_hdd2/joyce/test/M80_US_InF_H13.txt
/mnt/8tb_hdd2/joyce/hecras-dataset/origin/Linux_RAS_v66/Minxiong_hgn_h1h6/outputs_seed/planH1/Minxiong.p01.hdf,H13,test,inflow,result_upstreamBC1,239,239,0.9890363502826564,0.148078693385261,405.87507707503806,789.2198273331251,112,112,0,3776.86962890625,3179.972728543,0.8419598876818774,0.0,/mnt/8tb_hdd2/joyce/test/M80_US_InF_H13.txt
/mnt/8tb_hdd2/joyce/hecras-dataset/origin/Linux_RAS_v66/Minxiong_hgn_h1h6/outputs_seed/planH1/Minxiong.p01.hdf,H13,test,inflow,result_upstreamBC2,239,239,0.19337700931354335,1.2701362058349934,1401.0553755802557,1987.8069550781252,224,112,-112,3000.0,3179.972728543,1.0599909095143334,0.0,/mnt/8tb_hdd2/joyce/test/M80_US_InF_H13.txt
/mnt/8tb_hdd2/joyce/hecras-dataset/origin/Linux_RAS_v66/Minxiong_hgn_h1h6/outputs_seed/planH1/Minxiong.p01.hdf,H13,test,inflow,result_upstreamBC1_flow_per_face_sum,239,239,0.9890363497911783,0.14807869670430313,405.8750834897775,789.2198273331251,112,112,0,3776.86962890625,3179.972728543,0.8419598876818774,0.0,/mnt/8tb_hdd2/joyce/test/M80_US_InF_H13.txt
/mnt/8tb_hdd2/joyce/hecras-dataset/origin/Linux_RAS_v66/Minxiong_hgn_h1h6/outputs_seed/planH1/Minxiong.p01.hdf,H13,test,inflow,result_upstreamBC2_flow_per_face_sum,239,239,0.19337700931354335,1.2701362058349934,1401.0553755802557,1987.8069550781252,224,112,-112,3000.0,3179.972728543,1.0599909095143334,0.0,/mnt/8tb_hdd2/joyce/test/M80_US_InF_H13.txt
/mnt/8tb_hdd2/joyce/hecras-dataset/origin/Linux_RAS_v66/Minxiong_hgn_h1h6/outputs_seed/planH1/Minxiong.p01.hdf,H13,test,precipitation,Event Conditions/Unsteady/Boundary Conditions/Precipitation Hydrographs/2D: per2,239,239,0.9996839832065049,0.02514027818052469,0.7356813523734713,2.2890071867255877,88,87,-1,67.92356872558594,66.705032349,0.9820601832405351,0.0,/mnt/8tb_hdd2/joyce/test/M80_Pr_H13.txt
/mnt/8tb_hdd2/joyce/hecras-dataset/origin/Linux_RAS_v66/Minxiong_hgn_h1h6/outputs_seed/planH1/Minxiong.p01.hdf,H14,test,inflow,event_upstreamBC1,239,239,0.9838617632055784,0.1796565434066983,242.887523189681,517.560962112625,112,120,8,3776.86962890625,3567.069,0.9444511858972992,0.0,/mnt/8tb_hdd2/joyce/test/M80_US_InF_H14.txt
/mnt/8tb_hdd2/joyce/hecras-dataset/origin/Linux_RAS_v66/Minxiong_hgn_h1h6/outputs_seed/planH1/Minxiong.p01.hdf,H14,test,inflow,event_upstreamBC2,239,31,0.18047763732947839,1.28025182106531,1525.2716856826917,2343.2940352383143,222,120,-102,2997.9831932773104,3567.069,1.1898228809283553,0.0,/mnt/8tb_hdd2/joyce/test/M80_US_InF_H14.txt
/mnt/8tb_hdd2/joyce/hecras-dataset/origin/Linux_RAS_v66/Minxiong_hgn_h1h6/outputs_seed/planH1/Minxiong.p01.hdf,H14,test,inflow,result_upstreamBC1,239,239,0.9838617652034923,0.17965653228595505,242.8875047906152,517.560962112625,112,120,8,3776.86962890625,3567.069,0.9444511858972992,0.0,/mnt/8tb_hdd2/joyce/test/M80_US_InF_H14.txt
/mnt/8tb_hdd2/joyce/hecras-dataset/origin/Linux_RAS_v66/Minxiong_hgn_h1h6/outputs_seed/planH1/Minxiong.p01.hdf,H14,test,inflow,result_upstreamBC2,239,239,0.17459091638683574,1.2848416895580286,1533.4432511942261,2350.496955078125,224,120,-104,3000.0,3567.069,1.189023,0.0,/mnt/8tb_hdd2/joyce/test/M80_US_InF_H14.txt
/mnt/8tb_hdd2/joyce/hecras-dataset/origin/Linux_RAS_v66/Minxiong_hgn_h1h6/outputs_seed/planH1/Minxiong.p01.hdf,H14,test,inflow,result_upstreamBC1_flow_per_face_sum,239,239,0.9838617645118558,0.1796565361357278,242.88751187261485,517.560962112625,112,120,8,3776.86962890625,3567.069,0.9444511858972992,0.0,/mnt/8tb_hdd2/joyce/test/M80_US_InF_H14.txt
/mnt/8tb_hdd2/joyce/hecras-dataset/origin/Linux_RAS_v66/Minxiong_hgn_h1h6/outputs_seed/planH1/Minxiong.p01.hdf,H14,test,inflow,result_upstreamBC2_flow_per_face_sum,239,239,0.17459091638683574,1.2848416895580286,1533.4432511942261,2350.496955078125,224,120,-104,3000.0,3567.069,1.189023,0.0,/mnt/8tb_hdd2/joyce/test/M80_US_InF_H14.txt
/mnt/8tb_hdd2/joyce/hecras-dataset/origin/Linux_RAS_v66/Minxiong_hgn_h1h6/outputs_seed/planH1/Minxiong.p01.hdf,H14,test,precipitation,Event Conditions/Unsteady/Boundary Conditions/Precipitation Hydrographs/2D: per2,239,239,0.9996158537432852,0.027718090003330042,3.304223370656083,7.36079025289844,88,87,-1,67.92356872558594,61.225719452,0.9013913815299439,0.0,/mnt/8tb_hdd2/joyce/test/M80_Pr_H14.txt
/mnt/8tb_hdd2/joyce/hecras-dataset/origin/Linux_RAS_v66/Minxiong_hgn_h1h6/outputs_seed/planH1/Minxiong.p01.hdf,H15,test,inflow,event_upstreamBC1,239,239,0.9038286148138268,0.43856900297712054,443.33451712285137,671.310514818625,112,128,16,3776.86962890625,3395.156836327,0.8989340829617698,0.0,/mnt/8tb_hdd2/joyce/test/M80_US_InF_H15.txt
/mnt/8tb_hdd2/joyce/hecras-dataset/origin/Linux_RAS_v66/Minxiong_hgn_h1h6/outputs_seed/planH1/Minxiong.p01.hdf,H15,test,inflow,event_upstreamBC2,239,31,-0.12526719302685668,1.5001781181092175,1520.884770086989,2136.933393909345,222,128,-94,2997.9831932773104,3395.156836327,1.1324802767208013,0.0,/mnt/8tb_hdd2/joyce/test/M80_US_InF_H15.txt
/mnt/8tb_hdd2/joyce/hecras-dataset/origin/Linux_RAS_v66/Minxiong_hgn_h1h6/outputs_seed/planH1/Minxiong.p01.hdf,H15,test,inflow,result_upstreamBC1,239,239,0.9038286168202669,0.43856899840215074,443.3345014909702,671.310514818625,112,128,16,3776.86962890625,3395.156836327,0.8989340829617698,0.0,/mnt/8tb_hdd2/joyce/test/M80_US_InF_H15.txt
/mnt/8tb_hdd2/joyce/hecras-dataset/origin/Linux_RAS_v66/Minxiong_hgn_h1h6/outputs_seed/planH1/Minxiong.p01.hdf,H15,test,inflow,result_upstreamBC2,239,239,-0.13134462555330126,1.5042238035301139,1527.5340029405434,2142.9358271091874,224,128,-96,3000.0,3395.156836327,1.1317189454423333,0.0,/mnt/8tb_hdd2/joyce/test/M80_US_InF_H15.txt
/mnt/8tb_hdd2/joyce/hecras-dataset/origin/Linux_RAS_v66/Minxiong_hgn_h1h6/outputs_seed/planH1/Minxiong.p01.hdf,H15,test,inflow,result_upstreamBC1_flow_per_face_sum,239,239,0.9038286184719592,0.4385689946360571,443.334505346598,671.3105758537813,112,128,16,3776.86962890625,3395.156836327,0.8989340829617698,0.0,/mnt/8tb_hdd2/joyce/test/M80_US_InF_H15.txt
/mnt/8tb_hdd2/joyce/hecras-dataset/origin/Linux_RAS_v66/Minxiong_hgn_h1h6/outputs_seed/planH1/Minxiong.p01.hdf,H15,test,inflow,result_upstreamBC2_flow_per_face_sum,239,239,-0.13134462555330126,1.5042238035301139,1527.5340029405434,2142.9358271091874,224,128,-96,3000.0,3395.156836327,1.1317189454423333,0.0,/mnt/8tb_hdd2/joyce/test/M80_US_InF_H15.txt
/mnt/8tb_hdd2/joyce/hecras-dataset/origin/Linux_RAS_v66/Minxiong_hgn_h1h6/outputs_seed/planH1/Minxiong.p01.hdf,H15,test,precipitation,Event Conditions/Unsteady/Boundary Conditions/Precipitation Hydrographs/2D: per2,239,239,0.999610191895781,0.0279216082709784,3.532068089049859,8.007263183414068,88,88,0,67.92356872558594,75.930831909,1.1178863733700999,0.0,/mnt/8tb_hdd2/joyce/test/M80_Pr_H15.txt
