hydrograph_id,all_face_abs_max,all_face_count,all_face_mae,all_face_near_zero_fraction,all_face_negative_fraction,all_face_positive_fraction,all_face_rms,zone3_internal_abs_max,zone3_internal_count,zone3_internal_mae,zone3_internal_near_zero_fraction,zone3_internal_negative_fraction,zone3_internal_positive_fraction,zone3_internal_rms,zone3_touch_abs_max,zone3_touch_count,zone3_touch_mae,zone3_touch_near_zero_fraction,zone3_touch_negative_fraction,zone3_touch_positive_fraction,zone3_touch_rms
H10,10971798.0,3435960,58628.60190140692,0.08285631963119477,0.45677801837041176,0.46039418386709974,300064.89287968527,8552645.0,241800,24591.175886688136,0.13129859387923903,0.44737386269644336,0.42146815550041355,246901.1187555155,8552645.0,427680,39881.66900434304,0.14884726898615788,0.4353184624017957,0.4159301346801347,270886.89045610477
H11,11345113.0,3435960,58814.39477757353,0.08255392961501298,0.4577043970244124,0.459765829637132,304186.5161229147,8810237.0,241800,25076.55290150068,0.13044251447477254,0.4476799007444169,0.42196856906534325,251938.49937402995,8810237.0,427680,40587.89878753702,0.14798213617658063,0.4356060606060606,0.41647727272727275,276411.8045124334
H12,11528698.0,3435960,60535.98517358845,0.08256411599669379,0.4578775655129862,0.45958101956949443,312900.685850142,8942460.0,241800,25715.03280744289,0.1305955334987593,0.4479114971050455,0.4215798180314309,258443.93071294634,8942460.0,427680,41701.949671890616,0.1481177515899738,0.43570426487093156,0.416241114852226,283594.1010523588
H13,11644339.0,3435960,62553.31644466398,0.08151259036775749,0.4568932700031432,0.46161771382670347,320034.13481170277,9018785.0,241800,26318.020133453985,0.13064929693961952,0.448014888337469,0.4214309346567411,263420.0471930051,9018785.0,427680,42781.962248927266,0.1479751215862327,0.435753367003367,0.4163510101010101,289098.6319984956
H14,9977627.0,3435960,57415.83299223126,0.08597131514918684,0.4536272249967986,0.4604270713279549,290408.0912547823,7765781.5,241800,23166.369421262265,0.1360545905707196,0.4454921422663358,0.4185277088502895,232338.14564700762,7765781.5,427680,37822.337786730684,0.153675645342312,0.4330995136550692,0.41329031051253273,255768.3533297327
H15,9761751.0,3435960,54904.07657741152,0.0874081770451344,0.45383182574884456,0.45878182516676563,280776.54250409163,7632767.0,241800,22417.605358076562,0.13670388751033913,0.44495037220843675,0.4184119106699752,224433.9960090713,7632767.0,427680,36505.905015371485,0.15458052749719417,0.4326225215114104,0.4128507295173962,247440.10515004687
H16,10704807.0,3435960,59078.22360361094,0.08381849614081655,0.4552919708029197,0.4609154355696807,300838.6327274596,8361207.0,241800,24350.641965383937,0.1332051282051282,0.4468403639371381,0.4200744416873449,244546.34034031388,8361207.0,427680,39637.08981226656,0.150703797231575,0.43460063598952486,0.41478208005985784,268576.0633485897
H17,11813142.0,3435960,61412.2295548221,0.08139471937973666,0.45781004435441625,0.4608191015029279,317401.9378037591,9131641.0,241800,26266.867007145593,0.12980562448304384,0.4480479735318445,0.42224979321753514,263087.99047523225,9131641.0,427680,42563.72114971375,0.14719416386083053,0.4360526561915451,0.4168373550317995,288679.6873241294
H18,12032229.0,3435960,64051.062618706,0.08169041548795679,0.45822623080594654,0.46010721894317747,329775.54583469924,9279132.0,241800,27191.35212985831,0.1301157981803143,0.4482464846980976,0.42172043010752686,272374.9001137184,9279132.0,427680,44179.824244085234,0.1474653946876169,0.4360082304526749,0.41659184436962216,298857.09331613383
H19,11169512.0,3435960,60140.776514532525,0.08196311947752594,0.4563303996554093,0.4617318013015285,306111.2535874738,8682434.0,241800,25145.78780173941,0.13090984284532672,0.44759718775847807,0.4216004962779156,251874.29709844958,8682434.0,427680,40827.817113141,0.14835157126823795,0.43546576879910215,0.4162621586232697,276314.6369753403
H1,11386090.0,3435960,60917.71215486346,0.08426640589529563,0.45672010151456943,0.45903881302459865,315263.3838827584,8835437.0,241800,25498.449291628236,0.13310173697270472,0.44712572373862697,0.4198717948717949,256451.19836665585,8835437.0,427680,41521.37715171529,0.15067807706696595,0.4346637673026562,0.41472596333707445,281958.68419729406
H20,11712554.0,3435960,62830.96623413653,0.08172650438305452,0.4572995611124693,0.46099663558365056,321939.9091013535,9064504.0,241800,26471.3647793322,0.13056658395368073,0.4480479735318445,0.4214888337468983,265219.42850701703,9064504.0,427680,43027.97977034284,0.1479073138795361,0.43578843995510663,0.41637673026561917,291024.8998838276
H21,11816139.0,3435960,61145.75797596006,0.0817765631730288,0.4580548085542323,0.4601936576677261,317266.91678710334,9133486.0,241800,26220.14387039303,0.12994210090984284,0.4479818031430935,0.4221712158808933,262900.12094684795,9133486.0,427680,42479.177871299515,0.14737654320987653,0.4359848484848485,0.4167087542087542,288527.110807378
H22,9843215.0,3435960,53765.66843091019,0.08748966809858089,0.455157510564733,0.4573830894422519,277647.7734508465,7683110.0,241800,22291.679151729015,0.13586435070306038,0.4453473945409429,0.418904052936311,223539.5232852907,7683110.0,427680,36190.23190094306,0.1537434530490086,0.4331345866068088,0.4132225028058361,246340.77934343962
H23,10222894.0,3435960,56148.11477881526,0.086059500110595,0.45487462019348307,0.459095274683058,288506.22113715316,7944822.0,241800,23152.222444510444,0.13513234077750208,0.4458436724565757,0.4191149710504549,232536.83484865798,7944822.0,427680,37665.49605695317,0.1528642910587355,0.43352740366629255,0.41368078937523384,255931.03627098337
H24,10880868.0,3435960,58910.48645713331,0.0840740288012666,0.4558344683872921,0.4601200246801476,302233.84898913454,8486954.0,241800,24491.45760601839,0.13310587262200166,0.44679073614557485,0.4202109181141439,246031.98209902365,8486954.0,427680,39834.2379260933,0.1506640478862701,0.4345959595959596,0.4148148148148148,270324.32539091253
H2,10159535.0,3435960,58353.71853424689,0.08597451658342938,0.45347326511368,0.46057753873735435,295780.47086592345,7896912.5,241800,23535.014831729943,0.13617866004962778,0.4454383788254756,0.41844913151364765,236289.80502174242,7896912.5,427680,38465.161043672866,0.15383464272353162,0.4329522072577628,0.4132716049382716,260111.02047771864
H3,11580871.0,3435960,63377.33658328134,0.08271196405080385,0.45640694303775364,0.4609081595827658,324195.51811620395,8975772.0,241800,26385.291354024743,0.1320347394540943,0.44768817204301076,0.42040115798180316,264600.5308141045,8975772.0,427680,43011.68905627879,0.14946221473999252,0.435173494201272,0.4154508043396932,290618.0153550575
H4,10580641.0,3435960,58234.8966653486,0.08591252517491473,0.4552395836971327,0.45888223378619075,299471.2806864733,8211366.0,241800,23949.97944022572,0.1350413564929694,0.4461248966087676,0.418970223325062,241213.87606777292,8211366.0,427680,39038.80265805497,0.15272633744855968,0.4336653572764684,0.4137065095398429,265336.90838908387
H5,11520057.0,3435960,62507.59783747241,0.08198465639879393,0.4566735351983143,0.4613668377978789,318959.69053993735,8935869.0,241800,26124.288043777477,0.1310421836228288,0.44784532671629446,0.4212034739454094,261865.63694361664,8935869.0,427680,42507.24959796252,0.14847783389450056,0.4355101945379723,0.416084455667789,287373.6690018582
H6,11199901.0,3435960,58563.89962832392,0.08371692336348502,0.45698931303041945,0.4593187930010827,303399.8995835882,8699346.0,241800,24760.206173754694,0.1319313482216708,0.44716708023159635,0.4209925558312655,248774.56405122916,8699346.0,427680,40167.282275868194,0.14957678638234193,0.4350425551814441,0.41544612794612795,273318.4234940743
H7,10844890.0,3435960,59984.92773126964,0.08527922327384486,0.45482165100874283,0.4599305579808845,307587.37686699175,8455129.0,241800,24610.06001519885,0.13507857733664186,0.4462448304383788,0.4188172043010753,247382.9439498368,8455129.0,427680,40181.172236203245,0.152665544332211,0.43365834268612047,0.41378133183688737,272189.2226793606
H8,11600546.0,3435960,61582.66333143201,0.08202132737284486,0.4575853618784852,0.46041630286732094,316739.3649218431,8989969.0,241800,26039.05010849268,0.1306079404466501,0.44792803970223327,0.4215467328370554,261177.2755952033,8989969.0,427680,42278.95638335187,0.1480265619154508,0.4357182940516274,0.4163135989524878,286617.10737346567
H9,11402848.0,3435960,60099.823926142366,0.08243314823222622,0.45728559121759277,0.4603039616293554,309736.7197456753,8854332.0,241800,25435.422022458013,0.13086848635235732,0.44768817204301076,0.42151778329197687,255219.1475747237,8854332.0,427680,41262.996736852976,0.1484006734006734,0.4354751215862327,0.4161849981294426,280153.79673281027
