checkpoint,requested_epoch,loaded_epoch,cell_balance_mae_ft3,cell_balance_mse_ft6,cell_balance_rmse_ft3,cell_mse_loss,num_cell_samples,num_one_step_hydrographs,num_rollout_hydrographs,one_step_mse_loss,one_step_zone_0_rmse,one_step_zone_0_volume_rmse,one_step_zone_0_wd_rmse,one_step_zone_1_rmse,one_step_zone_1_volume_rmse,one_step_zone_1_wd_rmse,one_step_zone_2_rmse,one_step_zone_2_volume_rmse,one_step_zone_2_wd_rmse,one_step_zone_3_rmse,one_step_zone_3_volume_rmse,one_step_zone_3_wd_rmse,one_step_zone_loss,relative_cell_balance_rmse,rollout_length,rollout_rmse,rollout_volume_rmse,rollout_wd_rmse,target_budget_rms_ft3,zone_0_rollout_rmse,zone_0_rollout_volume_rmse,zone_0_rollout_wd_rmse,zone_1_rollout_rmse,zone_1_rollout_volume_rmse,zone_1_rollout_wd_rmse,zone_2_rollout_rmse,zone_2_rollout_volume_rmse,zone_2_rollout_wd_rmse,zone_3_cell_balance_mae_ft3,zone_3_cell_balance_mse_ft6,zone_3_cell_balance_rmse_ft3,zone_3_rollout_rmse,zone_3_rollout_volume_rmse,zone_3_rollout_wd_rmse
cellbalance_high_w3e9_e50_seed0,0,0,1181.6985242688977,2195219.8673986485,1481.6274387978406,0.0007557693205780123,148,6,6,0.0008163505020396163,0.02864593391617139,0.024082505144178867,0.03254113097985586,0.029861993466814358,0.024401832061509292,0.0343246137102445,0.027529677686591942,0.01718420038620631,0.034892028818527855,0.0248360401019454,0.014250492056210836,0.03201035720606645,0.0007378443842753768,2.0962568342216703,10,0.14505759698028367,0.112341970205307,0.17146905058374007,706.7967124114166,0.1478819590061903,0.12352327530582746,0.16860218675186237,0.15343830762431027,0.11961553767323493,0.18025172483175994,0.13691760562360286,0.08620178252458573,0.1733093909919262,755.1147394953547,923516.4286317568,960.9976215536419,0.1192994545524319,0.061865090780581035,0.15684876510252554
cellbalance_high_w3e9_e50_seed0,1,1,1017.4603708628061,1565648.9763513512,1251.2589565519006,0.0004895186805672868,148,6,6,0.0005554249413156261,0.02276408765465021,0.01830699263761441,0.02639984618872404,0.025388324012358982,0.02155951534708341,0.02862814503411452,0.02329142267505328,0.014982027156899372,0.02931606334944566,0.021583121890823048,0.012876660252610842,0.027577983525892098,0.0005404161929618567,1.7703236794677677,10,0.11807683818042278,0.0926815589889884,0.13878043700630466,706.7967124114166,0.11515808043380578,0.09300969398270051,0.13349753695850572,0.12987158413355548,0.1094314092459778,0.14714560294523835,0.11392534663900733,0.07810150044970214,0.14087993778909247,741.1044678559174,824450.331714527,907.9924733798882,0.10674597372611364,0.06147793969139457,0.13773249133179585
cellbalance_high_w3e9_e50_seed0,2,2,773.9575162320524,979278.9201858108,989.5852263376868,0.0003256070550697906,148,6,6,0.00036985810826687765,0.01908297122766574,0.016820726916193962,0.02103390172123909,0.01968547732879718,0.015191781179358562,0.023299325567980606,0.019078437549372513,0.010235376345614592,0.024953537620604038,0.018443478581806023,0.00701800958874325,0.025100752400855224,0.00036187727528158575,1.400098796387246,10,0.09451232238983115,0.07496180979845425,0.11055220114067196,706.7967124114166,0.09412504214172562,0.08608400689748426,0.10118611694003145,0.09778676523516576,0.07636525582832594,0.11520327267547449,0.09200375617171327,0.05170914488844573,0.11937458788355192,391.4307780910183,283479.32421875,532.4277643199592,0.09157777512446046,0.03233232935890555,0.12537156172717612
cellbalance_high_w3e9_e50_seed0,3,3,779.5659381763355,927858.2647804054,963.2539980609504,0.0002699555263609147,148,6,6,0.00030585684968779486,0.01657869465028246,0.015008249320089817,0.01796302820245425,0.01881755857417981,0.016741406172513962,0.020644016253451507,0.017833908398946125,0.011996128285924593,0.022157731465995312,0.01757908829798301,0.009011904010549188,0.02311811751375596,0.0003243085035743813,1.3628444800974875,10,0.08573730261996389,0.07327089081518352,0.09656882022197048,706.7967124114166,0.08111719392860929,0.07488351049833,0.08673399516070883,0.09291151069725553,0.08543588416650891,0.0997626323873798,0.08652280395229657,0.061272644080842535,0.10584958118076125,526.8217328045819,442713.6085304054,665.3672734140187,0.08724350249394774,0.04348367925267667,0.11529041131337484
cellbalance_high_w3e9_e50_seed0,4,4,671.3161126214105,701711.4736064189,837.6822032288969,0.00020811594112200437,148,6,6,0.0002353615200263448,0.014765505058070024,0.013561144626388947,0.015846325395007927,0.015883850554625194,0.014134185699125132,0.017431187132994335,0.015622252132743597,0.010031353061397871,0.019657069196303684,0.01608221558853984,0.0068790865285942955,0.021648989369471867,0.00025289821011635166,1.1851812388472085,10,0.07515416999037067,0.06490487434590857,0.08413105541840196,706.7967124114166,0.072787633119151,0.06849627648480236,0.07667314025262992,0.0781559887031714,0.0736625640032192,0.08237069106350342,0.07491799588315189,0.05215702444935839,0.09215774269153675,396.871838750066,272900.2183277027,522.3985244310159,0.07877018883203467,0.03481956590743115,0.10573851425821583
cellbalance_high_w3e9_e50_seed0,5,5,629.9006261052313,616339.6233108108,785.0730050834832,0.00017493967361342338,148,6,6,0.00019145937403663993,0.013448673921326796,0.012868889141827822,0.013986168584475914,0.01383704241986076,0.012513475492596626,0.01502477036168178,0.01419847815607985,0.009474636365969976,0.017674402954677742,0.01492090274890264,0.006230176116029422,0.020127118875583012,0.00020851322915405035,1.1107479580727069,10,0.06818197929921249,0.061100853607058525,0.07457462629924218,706.7967124114166,0.06706680714463194,0.06587252466318508,0.06813601686929663,0.06841483420381943,0.06651522192793588,0.07021990559684733,0.0678714258906742,0.04966138742553691,0.08204569146037102,365.1252896076924,232093.2173775338,481.7605394566203,0.07303545461036265,0.03262024523379902,0.09789990497132142
cellbalance_high_w3e9_e50_seed0,6,6,558.2926916173986,494816.33234797296,703.4318249467912,0.00014295429743494447,148,6,6,0.00015661444437379637,0.01242363809918364,0.011947833777715763,0.012871386328091225,0.012142224392543236,0.010474038155128559,0.013597977968553701,0.01252057682722807,0.007866005335624019,0.015838792858024437,0.013652526773512363,0.005094724319254358,0.01858901046216488,0.00016729525426247469,0.9952392429031747,10,0.061736954872806865,0.05457229181192815,0.06813601458755632,706.7967124114166,0.06220607167730729,0.061372138233855365,0.0628943084118267,0.05986569058150053,0.05597213182287911,0.06348196693385641,0.05989305884577334,0.041458053739431004,0.07378054899163544,299.8142484716467,163700.68359375,404.5994112622385,0.06654476250211398,0.02743483610296001,0.08991779259716472
cellbalance_high_w3e9_e50_seed0,7,7,526.7171030817805,456965.5274493243,675.9922539861861,0.00012750958091134167,148,6,6,0.00013646211785574755,0.011744252406060696,0.011698923849811157,0.011782291500518719,0.011129796194533506,0.009460735755662123,0.012574345183869204,0.01153814730544885,0.007224069520210226,0.014594780281186104,0.01271354453638196,0.004382805316708982,0.01740097797786196,0.00014329867553897202,0.9564168057316887,10,0.057958624651655556,0.0517789195291698,0.06351536225217085,706.7967124114166,0.05929780110406379,0.0601227777544409,0.058228860360880694,0.05499430658916633,0.05008410983718932,0.059473501378670336,0.05535982297733426,0.03783455558586866,0.06839737906120717,238.03159187935495,113517.16466955237,336.92308420402475,0.06220690011978149,0.023078646572927634,0.08475527319436273
cellbalance_high_w3e9_e50_seed0,8,8,490.89419617524015,406610.3190456081,637.6600340664359,0.00010834741255707372,148,6,6,0.00012269300592985624,0.011475729911277691,0.010995799209922552,0.011918627191334963,0.01043654993797342,0.009052024533351263,0.011640071092794338,0.010370293321708838,0.006304685181627671,0.013228945899754763,0.011530834094931683,0.003713548299856484,0.01586730203901728,0.00011880132660735399,0.9021830787680047,10,0.05439897041457395,0.04802258446191748,0.06003366676159203,706.7967124114166,0.05697814120600621,0.05599407524180909,0.057625646345938246,0.05147046123941739,0.047498014227797584,0.055095261971776686,0.049510195727149646,0.032776859720858434,0.06183559955097735,184.3856611509581,76523.85148331926,276.6294479684317,0.05587211201588313,0.019116445169008026,0.07663351766144236
cellbalance_high_w3e9_e50_seed0,9,9,536.0710878114443,509310.8965371622,713.6602108406788,0.00013766110458999646,148,6,6,0.00014845459615268433,0.013145766841868559,0.012967215540508429,0.013273342357327541,0.010992089286446571,0.008902085789789757,0.012695604469627142,0.010939767118543386,0.005836863769218326,0.014297512670358023,0.011636006645858288,0.004343672888353467,0.015853349740306538,0.0001283183252477708,1.009710710744318,10,0.06277396216367682,0.0529863559640944,0.07106960178352892,706.7967124114166,0.06732825116875271,0.06552090410453577,0.06890815344328681,0.05991358555232485,0.04598919075603287,0.0709700101831307,0.05547727777933081,0.02959220688790083,0.07258586107442776,228.56683741389094,113603.7258762669,337.0515181337519,0.05739276177870731,0.020954637764953078,0.07839227818573515
cellbalance_high_w3e9_e50_seed0,10,10,456.33496423669766,345915.9730785473,588.146217431131,8.887196162430809e-05,148,6,6,0.00010736926560639404,0.010699375377347073,0.01056906549880902,0.010752774775028229,0.00977925956249237,0.00840677802140514,0.010947802569717169,0.009714359572778145,0.005362831211338441,0.012632728709528843,0.010869632009416819,0.0035538799905528626,0.014949520273754993,0.00010499996521199743,0.8321292489102288,10,0.050412219623103736,0.04489395913357536,0.05528605670357744,706.7967124114166,0.052588192947829765,0.05311142415739596,0.05168895393920441,0.04828699394129217,0.04384342902339995,0.05230020664942761,0.045717215584591034,0.027702492948931953,0.05838991940642397,165.57322301091375,59353.26761771537,243.62526063139546,0.051718251593410966,0.018543082755059004,0.07073627064625422
cellbalance_high_w3e9_e50_seed0,11,11,493.22622062064505,473563.6085304054,688.1595807154074,0.00010192122224268403,148,6,6,0.0001108301318405817,0.011816936079412699,0.011337578762322664,0.012164644741763672,0.009056921737889448,0.008473519003018737,0.009531801721702019,0.008715944519887367,0.005089933712345858,0.011182675293336311,0.00964349756638209,0.0035354059267168245,0.013160481272886196,8.52288467285689e-05,0.973631552936312,10,0.0530753049844255,0.05004736510260652,0.05564527454165121,706.7967124114166,0.060820738412439825,0.06182916529166202,0.059064997282500066,0.045323752875750266,0.04445543543746074,0.04603733886033297,0.04140368574298918,0.02610244573249171,0.05229365169070661,159.78894800753207,63149.16474873311,251.29497557399174,0.04668394033797085,0.018864664303449293,0.06320660936956604
cellbalance_high_w3e9_e50_seed0,12,12,429.77310304383974,411450.3672930743,641.4439705017691,8.03235094969529e-05,148,6,6,7.56293144756152e-05,0.009402945016821226,0.01029014183829228,0.008364328260843953,0.007617971937482555,0.006647903937846422,0.008471505095561346,0.007499483413994312,0.003644515915463368,0.00995483249425888,0.009276026316607991,0.0026646580081433058,0.012836525682359934,6.967786915386871e-05,0.9075367205845086,10,0.04250829042866826,0.041330141869063176,0.043570035401110846,706.7967124114166,0.046370341225216785,0.05247810467456778,0.03907310798919449,0.03764951930691798,0.03404911004472524,0.04091512685020764,0.035221780099285144,0.018049193057231606,0.04638187773525715,97.42751889615445,30645.440713418495,175.05839229645204,0.044914562573346,0.015032016373394678,0.06170492897120615
cellbalance_high_w3e9_e50_seed0,13,13,494.1475050642684,446956.1627956081,668.5478014290437,8.905710893560427e-05,148,6,6,7.653873763047159e-05,0.00949067280938228,0.010710875348498424,0.00807505341557165,0.00783087289892137,0.007831450939799348,0.007822094795604547,0.007462456900005539,0.004969996244957049,0.00929536297917366,0.008925068890675902,0.00421789672691375,0.0118804220110178,6.745982257901535e-05,0.9458841413510867,10,0.04507933223309616,0.04639884962234646,0.04370138342492282,706.7967124114166,0.05116381215242048,0.0574578697172304,0.04394715888580928,0.0390488686816146,0.039896933586957554,0.038133249858704706,0.03462914462046077,0.024015804356895386,0.042578048941989736,183.87668650859112,53817.86643528294,231.98678073390934,0.04213370146074643,0.02177748183021322,0.05539054771264394
cellbalance_high_w3e9_e50_seed0,14,14,422.550311114337,288946.5487753378,537.5374859257146,0.00012891422340692007,148,6,6,0.00014767397563749304,0.012348849947253862,0.01124791738887628,0.013349625592430433,0.010680947142342726,0.007508858805522323,0.01309318266188105,0.011667002613345781,0.005852377973496914,0.015417125386496386,0.01487922202795744,0.004909196092436711,0.020449264906346798,0.00016593201871728525,0.7605262962977981,10,0.061419258002812664,0.047227223046744864,0.07288209772668779,706.7967124114166,0.06100422102026641,0.057728522612402834,0.06408776066576441,0.05797613129640619,0.03939043315282712,0.07184626806216936,0.05855347223890325,0.030387917766347528,0.07697856039740145,279.4439886969489,170884.88107052364,413.38224571275873,0.07455871559989949,0.025674180570058526,0.10224528529991707
cellbalance_high_w3e9_e50_seed0,15,15,394.3920028274124,254823.7838893581,504.8007368153875,8.72425889610895e-05,148,6,6,0.00011143642283665638,0.011280349610994259,0.010908477008342743,0.01162375727047523,0.008593056350946426,0.007347143643225233,0.009673139856507381,0.009307532260815302,0.005271149876837929,0.012058422590295473,0.012743187913050255,0.00410006664848576,0.017535436743249495,0.00011508982546123055,0.714209231524481,10,0.05211263482148449,0.04528671459605296,0.05811930835867921,706.7967124114166,0.054640992823988196,0.055797824372226995,0.05340200966844956,0.04525201117309431,0.038331425314148265,0.05118489650388559,0.045771273458376525,0.027010649318496387,0.05876613263972104,233.1024994721284,129023.68496621621,359.19867060752915,0.06366763911210001,0.021344241585272053,0.08743930904505154
cellbalance_high_w3e9_e50_seed0,16,16,386.03425660004484,247306.80130912163,497.29950865562057,7.125508980951397e-05,148,6,6,9.138526487125394e-05,0.010288504728426537,0.01046879542991519,0.010092388217647871,0.007817781530320644,0.007408005728696783,0.008203697856515646,0.008239114424213767,0.005314297508448362,0.010360228829085827,0.011353696386019388,0.003937366728981336,0.01553976722061634,9.189919243605497e-05,0.7035962390925065,10,0.04650140938659509,0.04331214053866764,0.049451740939791,706.7967124114166,0.04883115561679006,0.05186848159258564,0.0455236635170877,0.04103459746111184,0.03948196873534471,0.04245234228825818,0.04022976829049488,0.02801020125237604,0.049436280395214756,225.2027251784866,119136.2183277027,345.161148346251,0.05602969778701663,0.021181626222096385,0.0762974622969826
cellbalance_high_w3e9_e50_seed0,17,17,371.5836771372202,242372.7318412162,492.31365189400975,6.0842698371129086e-05,148,6,6,7.596166930549468e-05,0.009434141839543978,0.01026188132042686,0.008514349969724814,0.007181376063575347,0.007098383192593853,0.007258636721720298,0.007409337675198913,0.005100624713425835,0.009135376041134199,0.010114344923446575,0.003390480182133615,0.013864825634906689,7.412156931726106e-05,0.6965420795667776,10,0.041929506914069256,0.04118281416594982,0.04263004025754829,706.7967124114166,0.04401938929222524,0.04910499593243003,0.038175773449863,0.03777616641794642,0.03805305613980939,0.037439784275678296,0.03610512000353386,0.0274005140333126,0.04301066944996516,192.18698233527107,99737.81645903716,315.8129453632912,0.04930773417775829,0.018574937949112306,0.06716476453778644
cellbalance_high_w3e9_e50_seed0,18,18,400.2088256011138,270555.39548141893,520.149397271033,5.8929959900647315e-05,148,6,6,6.638832928729244e-05,0.008389216925327977,0.009533575580765804,0.007050083950161934,0.0071097473458697396,0.007447142542029421,0.006750339952607949,0.007465809894104798,0.005940293117115895,0.008699089211101333,0.010025636292994022,0.004216041920396189,0.01349644921720028,7.314453493260468e-05,0.7359250377614394,10,0.03982531338309248,0.0403579476599892,0.039236111915670335,706.7967124114166,0.03929989632839958,0.044739058955262104,0.032849406645012395,0.03811563103614996,0.040852986532263456,0.035104201594367626,0.03728204059880227,0.03288129314314574,0.041132278903387484,246.38238092370935,126046.67818306587,355.0305313393003,0.049245396303012966,0.024035662955914933,0.06527681381752094
cellbalance_high_w3e9_e50_seed0,19,19,532.1992486489786,427828.6163429054,654.0860924548888,7.341705059917404e-05,148,6,6,7.168689019939241e-05,0.008324626522759596,0.010266700449089209,0.005755413556471467,0.007809706885988514,0.009149169859786829,0.006175258196890354,0.00833135494031012,0.008394847624003887,0.008227421514069041,0.010568748693913221,0.006628118067358931,0.013347867876291275,8.495677320752293e-05,0.9254232242016348,10,0.043448958468313016,0.04892755939314763,0.037120048360278206,706.7967124114166,0.041535716007153195,0.05070882928557694,0.029582235721560816,0.04267345283490916,0.0507591487839818,0.03259627956431359,0.043216047001381715,0.04666997826037308,0.03938346731010824,445.7649614488756,261773.49165962837,511.6380475097883,0.05353198402250806,0.03748769265754769,0.06570670797179143
cellbalance_high_w3e9_e50_seed0,20,20,335.5404590915989,225354.7673141892,474.7154593166197,4.8128695714301616e-05,148,6,6,5.6662214168075785e-05,0.008275082800537348,0.009484196702639261,0.006848299332583944,0.005776233738288283,0.005258781680216392,0.006249791942536831,0.006120055137823026,0.0034495795456071696,0.007932188843066493,0.009236001254369816,0.0018576403187277417,0.012927864522983631,5.659646800874422e-05,0.6716435588629257,10,0.03728632350297024,0.03654160595033318,0.037980674377953015,706.7967124114166,0.04078981876373291,0.04721260320705672,0.032959649913633864,0.02996227677601079,0.027275704507095117,0.03239276675352206,0.029567565023899078,0.018059276649728416,0.03769470591408511,108.63646682533059,65897.36776815879,256.7048261489425,0.04599047855784496,0.009978866513120011,0.0642692657187581
cellbalance_high_w3e9_e50_seed0,21,21,414.483292450776,297351.42557010136,545.2993907663031,9.175070241523113e-05,148,6,6,9.464556084518942e-05,0.010502567514777184,0.00894106567526857,0.011856533897419771,0.007830715971067548,0.005895695028205712,0.009357805674274763,0.00905801821500063,0.004782926834498842,0.011865616776049137,0.010858032697190842,0.005422187192986409,0.014352593260506788,9.203860827255994e-05,0.7715081029535008,10,0.05009976293270787,0.03922929326072335,0.05885684150271118,706.7967124114166,0.05422090549642841,0.04657629750048121,0.06075142120632033,0.041949288865240915,0.03285679555653284,0.049124544284616906,0.045550791857143245,0.02647790005430579,0.05860661642315487,331.8441098187421,199944.7593433277,447.15183030300534,0.05461755503589908,0.030951207604569694,0.07065132960366706
cellbalance_high_w3e9_e50_seed0,22,22,474.99857289082297,401754.16437922296,633.8408036559518,6.941459274900341e-05,148,6,6,8.251549782774721e-05,0.010091985110193491,0.012047400077184042,0.007625425312047203,0.007717621435100834,0.008534094163527092,0.006764705525711179,0.0071336748854567604,0.005291445025553306,0.008532289260377487,0.009716054579863945,0.0027844334642092385,0.013440552322814861,7.152086800488178e-05,0.8967795018364515,10,0.046241275733336806,0.04971989259744684,0.04245797481853515,706.7967124114166,0.05042575925278167,0.060585405693079034,0.0375304769569387,0.041448936937376855,0.04581662504933774,0.03648817833357801,0.0365706402886038,0.02863140102320661,0.04299795785918832,150.73789225397883,85385.04555532095,292.2071962757265,0.050035676810269554,0.014886425784789025,0.06914523990514378
cellbalance_high_w3e9_e50_seed0,23,23,463.3243465939084,561315.0442356418,749.2096130160382,8.038656857467219e-05,148,6,6,6.0434744227677584e-05,0.009114543596903482,0.011892492572466532,0.004947002589081724,0.005259090956921379,0.00534105005984505,0.005171141276756923,0.0056099720144023495,0.0031265979632735252,0.007284350227564573,0.008565513727565607,0.001650947631181528,0.011999464904268583,4.8390641192478746e-05,1.0600072126254227,10,0.041115479078143835,0.04840361716536184,0.03217703103243063,706.7967124114166,0.05012265529173116,0.0655398069260021,0.02693997962245097,0.027138448793751498,0.028150171879678963,0.026073401995624104,0.026003900659270586,0.016422452754341066,0.032890935086955626,94.02218323784905,57581.87052628801,239.96222729064675,0.041333722152436775,0.008674956262499716,0.05780520068171124
cellbalance_high_w3e9_e50_seed0,24,24,527.1547610308673,435592.1919341216,659.9940847720694,7.626410447178264e-05,148,6,6,6.730247514497023e-05,0.008766594342887402,0.010613145306706429,0.0063843502042194205,0.0069391559809446335,0.007746579280743997,0.006005098655199011,0.007313946572442849,0.005777349617953102,0.008571172133088112,0.009346227161586285,0.004723565264915426,0.012338431862493357,6.659028622379992e-05,0.9337820524381499,10,0.04251090760032336,0.04678032107961674,0.03770555582207938,706.7967124114166,0.046442410768941046,0.055955232866108415,0.034318775342156486,0.036678818279566865,0.04176116113861402,0.030666444993888337,0.03596048340356598,0.03116180593303094,0.040137618446412185,320.26099457611906,149905.1812183277,387.17590474915625,0.0456507215819632,0.02599630179659774,0.05907411480632921
cellbalance_high_w3e9_e50_seed0,25,25,446.81101639206344,275897.5372677365,525.2594951714215,0.0001088898201536771,148,6,6,0.00012195327993443546,0.011398303167273601,0.010676270040373007,0.012069859386732181,0.010177249709765116,0.007775535884623726,0.012091544612000385,0.010130323003977537,0.006331324344500899,0.012822935202469429,0.012514120433479548,0.004653612190547089,0.0170523626729846,0.00012580705030510822,0.7431549778710278,10,0.056298348649094505,0.04657050273381173,0.06453736826467017,706.7967124114166,0.05792509033344686,0.05409969949784378,0.061466161627322435,0.053257280572627984,0.04279329983983189,0.061828661663457754,0.05129871742489437,0.035885244289723534,0.0628785283304751,300.60292970812,162855.93937394425,403.55413437845516,0.0627298041867713,0.02685292261885479,0.08446641809617479
cellbalance_high_w3e9_e50_seed0,26,26,347.67172035011083,224265.37035472973,473.5666482711063,4.739117815227695e-05,148,6,6,5.894937688329568e-05,0.008866561111062765,0.011261863013108572,0.0055094378379484015,0.00554104964248836,0.005268060058976213,0.005796763502682249,0.005525066827734311,0.002708570954079429,0.007322635812064012,0.008767583485071858,0.0014882472072107096,0.0123090084331731,5.018558173712032e-05,0.6700181819683532,10,0.03861767582129687,0.04268228751607239,0.0340654794825241,706.7967124114166,0.0449596519737194,0.057163117748374744,0.02782740496719877,0.02801317647875597,0.027600102763002118,0.02841557526650528,0.02564364604962369,0.014213295408990235,0.03335667929301659,83.13488496316445,57083.72029402449,238.9219962540588,0.044939008293052515,0.008063233125722036,0.06303703507098059
cellbalance_high_w3e9_e50_seed0,27,27,358.96078944850615,287472.64347550675,536.1647540406836,5.1040945743659756e-05,148,6,6,6.57551839443234e-05,0.009781681466847658,0.012446624847749868,0.006023543033127983,0.0051391348242759705,0.004846113423506419,0.0054160302970558405,0.005393316348393758,0.0024380116180206337,0.007220624790837367,0.008654052779699365,0.0021311522383863726,0.01204677593583862,4.7725496794252344e-05,0.7585841085924429,10,0.04139908622795095,0.047014540418361624,0.03488107213440041,706.7967124114166,0.050079561319823065,0.06426610715376833,0.029705628333613277,0.026345669796379905,0.02500703608772407,0.027616206688495973,0.026515956160922845,0.012945666063266496,0.035182109125889836,149.5976344959156,70947.32862647805,266.35939748106887,0.0450370010221377,0.012078073746912802,0.06251516113989056
cellbalance_high_w3e9_e50_seed0,28,28,431.83053341427365,310513.03515625,557.2369649944716,5.563991696878991e-05,148,6,6,5.307918218022678e-05,0.007905018981546164,0.009781211304167906,0.005404911547278364,0.006103516013051073,0.006226698402315378,0.005968995702763398,0.005895756805936496,0.0039368257857859135,0.007336189737543464,0.008509327269469699,0.002840561792254448,0.011691023595631123,5.1490839420390934e-05,0.7883977885144883,10,0.03659952103625983,0.03995915343984961,0.03289001291462531,706.7967124114166,0.04037586155657967,0.04981736028566956,0.027882097118223707,0.031476223437736435,0.03368139684510728,0.02907756248023361,0.027423780217456322,0.02181738360862558,0.03202816695751001,188.0789278906745,84650.06239442568,290.94683774604886,0.041729165924092135,0.016076278279069812,0.05677272398024798
cellbalance_high_w3e9_e50_seed0,29,29,387.4709311820365,298912.8055320946,546.729188476429,5.131676088903741e-05,148,6,6,4.705174857614717e-05,0.007499152406429251,0.009290530501554409,0.0050961522695918875,0.005580163095146418,0.005296281461293499,0.0058436559823652106,0.005431164366503556,0.002861417558354636,0.007122021168470383,0.008140668661023179,0.0015117485891096294,0.011412309327473244,4.565489568146101e-05,0.7735310293268393,10,0.03420118406259765,0.03676736697088927,0.031401160460275905,706.7967124114166,0.03816446312703192,0.04752488029189408,0.02552898870781064,0.028596712361710765,0.028519504835518697,0.02864188941506048,0.024577502976171672,0.01562757367112984,0.031017778627574443,95.62401467400628,56978.12183277027,238.70090454954348,0.03950533071377625,0.008730560907861219,0.05517650512047112
cellbalance_high_w3e9_e50_seed0,30,30,596.6926446863123,457944.3456503378,676.7158529621852,0.00013184716241281617,148,6,6,0.0001624420765438117,0.013818189191321531,0.010029317190249762,0.016766049123058718,0.010539003647863865,0.010249023015300432,0.010802654704699913,0.011345019408812126,0.008934080911179384,0.013311716883132855,0.01430037555595239,0.007702402072027326,0.018685199941198032,0.00015556602496265745,0.9574405781450186,10,0.06652113155772289,0.05131033413733045,0.07883812386232118,706.7967124114166,0.07126283605272571,0.05369391267498334,0.08525694383618733,0.05557993794791401,0.05351713815083106,0.057529290579259394,0.059898988576605916,0.04659917897855242,0.07068848743413886,477.1078882990657,292643.56925675675,540.9654048613061,0.07699563327866296,0.03952224076104661,0.10140771440540751
cellbalance_high_w3e9_e50_seed0,31,31,433.52338863063505,324428.3152449324,569.5860911617597,5.4257712592418e-05,148,6,6,5.013461607935218e-05,0.007508313748985529,0.00933990798269709,0.005042118563627203,0.006194669132431348,0.006026003820200761,0.006354155329366525,0.005865856539458036,0.0038487331864113608,0.007337907794862986,0.008412742987275124,0.0024607625867550573,0.01163914225374659,5.102052333919952e-05,0.8058697517401743,10,0.03586974834712843,0.039240892565188305,0.032123416646694145,706.7967124114166,0.03895732352975756,0.049233009681726496,0.024669387773610652,0.03193734006490558,0.03271235313732177,0.031116893126939733,0.027245940159385404,0.021015471177330863,0.03226625130822261,157.25564554575328,69153.9511586782,262.9713884791998,0.04124956003700694,0.013720678879568975,0.05668563032522798
cellbalance_high_w3e9_e50_seed0,32,32,535.0593647312473,387215.9041385135,622.2667467722451,7.038574952005276e-05,148,6,6,7.223838838399388e-05,0.007933050859719515,0.009932932288696369,0.005212330957874656,0.008453352687259516,0.009225496556609869,0.007589133766790231,0.008745123321811358,0.008123913236583272,0.00928263987104098,0.010531364940106869,0.007231802990039189,0.012991239006320635,8.962167097100367e-05,0.8804041329638108,10,0.043869054224342105,0.04876871001906693,0.03834278228071829,706.7967124114166,0.040754686241659024,0.05067737496768435,0.027438969320307174,0.045326949656009675,0.05076819344734152,0.03910780936324348,0.0444867912059029,0.04464636114425957,0.04428608939051628,447.7304136946395,216924.54956714527,465.75159641932015,0.052717667336886126,0.0394648448874553,0.0632037490606308
cellbalance_high_w3e9_e50_seed0,33,33,368.8977772480733,299364.70671452704,547.1423093807743,5.135823106979227e-05,148,6,6,4.605055376790309e-05,0.0074592534607897205,0.00863646405438582,0.006021615505839388,0.005349473950142662,0.005138404667377472,0.00554803650205334,0.005357335864876707,0.002961236168630421,0.006965926382690668,0.008217081349963943,0.0026874178632472954,0.011297995069374641,4.515610332115708e-05,0.77411552681684,10,0.03380665494284282,0.035034208768047394,0.032465247662427525,706.7967124114166,0.03798645328109463,0.0448701864030833,0.02934520725005617,0.026766694251758358,0.026889234827831388,0.026627772759335738,0.023906242894008757,0.015685801367120198,0.02992698896365861,71.12577103279732,13096.083326185071,114.43812007449733,0.040764468574586016,0.015443802527928104,0.055526722719271976
cellbalance_high_w3e9_e50_seed0,34,34,346.88961730132235,226286.19942989864,475.6954902349807,4.212889700431481e-05,148,6,6,4.240498068005157e-05,0.007013854648297031,0.008554982176671425,0.00500219586926202,0.005280665044362347,0.005170403669277827,0.005382950572917859,0.005387087042133014,0.002911217239064475,0.0070305488382776575,0.008044302851582566,0.0026383600973834596,0.011064144472281138,4.389952421964457e-05,0.6730301398998089,10,0.03218319829708586,0.03449456638190895,0.029668818150336545,706.7967124114166,0.035439252643845974,0.0439406189446648,0.02404078912610809,0.026464926986955108,0.02719079618497441,0.025695625607234738,0.023922409901085,0.015466996860535194,0.030063715980698666,70.47037707148371,12545.912092879013,112.00853580365656,0.039271234744228424,0.01560067612833033,0.05328255297305683
cellbalance_high_w3e9_e50_seed0,35,35,296.8871267164076,188082.94525971284,433.68530671411133,3.6659524551863354e-05,148,6,6,4.131872265134007e-05,0.007159253970409433,0.008776987747599682,0.005005623446777463,0.004731330011660854,0.004424473658824961,0.0050172326155006886,0.005073221788431208,0.002138010187384983,0.006843847765897711,0.00794821286884447,0.00252202859458824,0.01095157116651535,4.0765748356837626e-05,0.6135927050855736,10,0.03133972944536557,0.03367697674160202,0.028797062393277884,706.7967124114166,0.03551355308542649,0.044395893330996236,0.02339959005670001,0.02340504714132597,0.02283408186243226,0.023949129064567386,0.022060537966899572,0.011050765647087245,0.029167029610835015,53.6334418219489,10061.492707123627,100.3069923142132,0.03876324949475626,0.015144159695288787,0.05266527097361783
cellbalance_high_w3e9_e50_seed0,36,36,347.4457228377059,210673.5030616554,458.9918333278441,3.9806916029684124e-05,148,6,6,4.23249184677843e-05,0.007021144575749834,0.00873061983535687,0.0046966527588665485,0.005194660819446047,0.0051168455587079125,0.005254955341418584,0.005468864381934206,0.0033702306682243943,0.006913670649131139,0.008005215864007672,0.0029729160014539957,0.010915503526727358,4.368673398857936e-05,0.6493972386513752,10,0.03201877938893934,0.03512246268025289,0.028567409639557204,706.7967124114166,0.03532126022037119,0.04487310520683726,0.02189099652071794,0.026154886496563754,0.026370392561269305,0.02591271746593217,0.02462556422688067,0.017148665668598066,0.030269687296822667,107.85455471760518,18687.65093829181,136.7027832134072,0.03828482263100644,0.017159878256885957,0.051330799826731284
cellbalance_high_w3e9_e50_seed0,37,37,314.2664898021801,249613.53568412163,499.613386213902,4.286312395305612e-05,148,6,6,5.6104692703229375e-05,0.009127637216200432,0.011734537004182736,0.0053316835934917135,0.0045826501833895845,0.004438955724860231,0.004720708976189296,0.004710297333076596,0.0020989819895476103,0.006314832639570038,0.00803804351016879,0.002984261140227318,0.010962927248328924,3.984642110784383e-05,0.7068699916689538,10,0.03776919706724584,0.04424895802512765,0.029908233159221708,706.7967124114166,0.04642776365702351,0.060438274405896664,0.02561262423793475,0.02349270721121381,0.02268149924930185,0.02427351923349003,0.021320941454420487,0.010806163629361739,0.02814417521779736,98.2018796044427,17470.037732923352,132.17427031356502,0.040360334872578583,0.017482072157630077,0.05432465497093896
cellbalance_high_w3e9_e50_seed0,38,38,418.1122727265229,448601.9759290541,669.7775570508869,0.00013185159863300018,148,6,6,0.00011339302000124007,0.01244460123901566,0.011197238539656004,0.013542584298799435,0.008664890037228664,0.004428671207278967,0.011414695375909409,0.00791357085108757,0.0022739807221417627,0.010956264721850554,0.00860506536749502,0.0021880082204006612,0.011968255198250214,7.224781317442346e-05,0.9476240413820978,10,0.05483502725449701,0.041880106840593116,0.06522498945705593,706.7967124114166,0.06512447663893302,0.057069295831024644,0.07221234058961272,0.045972157688811424,0.022548581900385518,0.06096048932522535,0.039041985385119916,0.011424853747788196,0.054014375898987055,60.60839495787749,14089.530491184543,118.69932809912844,0.040424904141885536,0.013457084771168108,0.05551816051204999
cellbalance_high_w3e9_e50_seed0,39,39,420.5980409158243,394447.1227829392,628.0502549819872,5.858435712513243e-05,148,6,6,6.091251513377453e-05,0.009258537087589502,0.012119458677868048,0.004954921392103036,0.005135028312603633,0.004988963870952527,0.005275215643147628,0.005286899705727895,0.0029826095948616662,0.0068505490974833565,0.008630422176793218,0.002836372780924042,0.011869607338060936,4.7299423992323376e-05,0.8885868368561509,10,0.03868089570508649,0.045667549859111506,0.030102582826899985,706.7967124114166,0.04641176974400878,0.061596528409669796,0.022655882546678184,0.025768574816174804,0.0260786126445358,0.02543140631945183,0.02401120673554639,0.01575158132861058,0.03006819716344277,87.32515866047628,15344.260103792758,123.8719504318583,0.04307134044356644,0.016172973722374688,0.058714968245476486
cellbalance_high_w3e9_e50_seed0,40,40,371.7707599949192,306008.6003483953,553.1804410392646,4.968180782442859e-05,148,6,6,5.5091867276739016e-05,0.008753640266756216,0.011376920156180859,0.004879496525973082,0.004806795700763662,0.004523720980311434,0.005072384762267272,0.005146473568553726,0.00243127578869462,0.0068527706898748875,0.008538054767996073,0.002489808830432594,0.011813678002605835,4.526171869656537e-05,0.7826584806145305,10,0.03651773866731674,0.042179290857166055,0.029788166633807123,706.7967124114166,0.043518772705768545,0.05722579234279692,0.022635867749340833,0.0240920710687836,0.023221895385844012,0.024920907034538687,0.023126510297879578,0.012566640775185078,0.030183592593918243,49.32072018288277,9095.34702775285,95.36952882211828,0.04213991491124034,0.015043491020333023,0.057641986881693204
cellbalance_high_w3e9_e50_seed0,41,41,374.45149643356734,300972.5222761824,548.6096264888016,4.9378206976807384e-05,148,6,6,5.547937810964262e-05,0.0087835433272024,0.011327933985739946,0.005094546048591535,0.004939218750223517,0.0045703856740146875,0.005278324009850621,0.005211615779747565,0.0026535109306375184,0.00685641976694266,0.008404351770877838,0.0025493128147597113,0.011606906695912281,4.477209222386591e-05,0.7761915369089373,10,0.036685177707113326,0.04215515625352661,0.030226161827643712,706.7967124114166,0.04382911003194749,0.057146994924793644,0.02398554273725798,0.024673775016951064,0.02301685302518308,0.026209789662001035,0.023251101312537988,0.013328771223314106,0.030040471418760716,47.686909443623314,9349.237761626373,96.69145650793752,0.04106408357620239,0.015478877482625346,0.05594720567266146
cellbalance_high_w3e9_e50_seed0,42,42,450.0652003932644,359450.5356841216,599.5419382196058,5.5506127962970014e-05,148,6,6,6.615522822054724e-05,0.009587561711668968,0.012663174575815598,0.004841548778737585,0.005679983335236709,0.0058943847349534435,0.005452812571699421,0.005757055478170514,0.0036956877447664738,0.0072282760714491206,0.008748952144136032,0.002815831840659181,0.012044322056074938,5.1215152780059725e-05,0.8482523018169058,10,0.04092451208271086,0.04902834404880802,0.030726421360547342,706.7967124114166,0.04874034045885007,0.06513021701636414,0.02252390196857353,0.029195262561552228,0.03129249690100551,0.026913456463565428,0.026863758739394446,0.019880162652892372,0.03234759496990591,93.99956832060943,17511.69157120988,132.33174816048447,0.04305148969870061,0.016512928953549513,0.058589129832883675
cellbalance_high_w3e9_e50_seed0,43,43,390.40877532958984,273051.9587204392,522.5437385716522,4.462984327039669e-05,148,6,6,5.160341000494858e-05,0.008324593771249056,0.010889298282563686,0.004468326767285665,0.005330799302707116,0.005250494539116819,0.005405902474497755,0.005197952191034953,0.003190000463897983,0.0066023448792596655,0.007786398908744256,0.002744900140290459,0.010661617697527012,4.163885023444891e-05,0.7393126331740585,10,0.035573229930984475,0.04198593301698565,0.027691088422822457,706.7967124114166,0.04186178664676845,0.055320160339275996,0.021036478698564072,0.027094833770145973,0.02780580360752841,0.026346797007136047,0.02337949265105029,0.01739491578967621,0.028089151546979944,94.69996648221402,16157.18099893106,127.11090039383349,0.03710595106240362,0.01678944021308174,0.04969358396095534
cellbalance_high_w3e9_e50_seed0,44,44,359.180075361922,247109.85794974663,497.1014563947149,4.234865332978803e-05,148,6,6,4.721736089171221e-05,0.007808436872437596,0.010131380055099726,0.004388788326953848,0.005079703871160746,0.005170919777204593,0.004975984261060755,0.005120564019307494,0.002520280657336116,0.006776325637474656,0.008046841714531183,0.002426212498297294,0.011117053218185902,4.2451341262979746e-05,0.7033160280255506,10,0.033890917672154804,0.039142507151700555,0.027646700634310642,706.7967124114166,0.03935448287520558,0.05163064836524427,0.020745531966288883,0.025194688824315865,0.027035500885297856,0.023177836982843775,0.022569472994655372,0.012928577306835602,0.0291683561867103,38.56410870680938,7841.138515987912,88.55020336502854,0.03887150331089894,0.015004584817991903,0.05286508190135161
cellbalance_high_w3e9_e50_seed0,45,45,385.9439563235721,230851.8558910473,480.47045267221927,4.2223143995019005e-05,148,6,6,5.05888820043765e-05,0.008058756667499741,0.010569234068195025,0.00424938031937927,0.005291192093864083,0.005572488298639655,0.004986458458006382,0.005356237913171451,0.0035248525673523545,0.00668500573374331,0.008395836300527057,0.0030960223327080407,0.011461542608837286,4.614743981316375e-05,0.6797859189709191,10,0.035417993708203234,0.04134104228578508,0.028247879740471642,706.7967124114166,0.040687378798611465,0.05355479613256951,0.020911389445730795,0.02677500945671151,0.029556293164690335,0.023636684178685148,0.024413748496832945,0.01886559003032744,0.028893196606077254,149.20836629094305,28601.64539563978,169.12020989710183,0.04125349456444383,0.01847053514017413,0.055319576834638916
cellbalance_high_w3e9_e50_seed0,46,46,364.1366195678711,297010.5756440034,544.9867664852087,4.667675460262438e-05,148,6,6,5.5022243638328895e-05,0.00880001081774632,0.011390360227475563,0.005005838970343272,0.004896664526313543,0.004844050311173002,0.004946766188368201,0.005010804859921336,0.002018872202218821,0.006788256733367841,0.008255421727274856,0.00240572572996219,0.011422405174622932,4.299008893819215e-05,0.7710657915001442,10,0.03644487499259412,0.04267563737618427,0.02888898734624187,706.7967124114166,0.04381661514441172,0.05770598707410197,0.022526367179428537,0.024437908036634325,0.025150245637632906,0.023687460265743237,0.022032765865636367,0.010367288572403292,0.029376737121492625,33.243931899199616,6988.158216321791,83.59520450553244,0.04042437927952657,0.015003489648612837,0.0551342371540765
cellbalance_high_w3e9_e50_seed0,47,47,338.8348147418048,281984.95671452704,531.0225576324673,4.789019455553923e-05,148,6,6,6.426373147405684e-05,0.009793403558433056,0.012632429599761963,0.005674527259543538,0.004595745277280609,0.004063233616761863,0.005068148874367277,0.00511918015157183,0.00196904562956964,0.006960926499838631,0.008747171688204011,0.0026000933721661568,0.012090754229575396,4.629092563845916e-05,0.75130875442353,10,0.03975634956732392,0.0468598573623846,0.031042043080863852,706.7967124114166,0.04920504026425381,0.06486573959700763,0.025136764797692498,0.02247766500028471,0.020484645614245286,0.0242953610761712,0.02284876393775145,0.009868199442280456,0.030765977882159252,39.43864835275186,9200.692179911846,95.92023863560728,0.04333913270384073,0.015785772733700774,0.05921104761461417
cellbalance_high_w3e9_e50_seed0,48,48,352.6638282569679,244677.42609797296,494.64879065653537,4.2775003675086666e-05,148,6,6,5.674303793057334e-05,0.008933722041547298,0.010946052304158608,0.0063041287163893385,0.004916769374782841,0.004784471898650129,0.005026829506581028,0.005022712983191013,0.0021090068427535393,0.0067732200647393865,0.008619324071332812,0.0024785322602838278,0.011932749456415573,4.550650070693033e-05,0.6998459132172747,10,0.03733200877904892,0.04153682950418443,0.032568943011574446,706.7967124114166,0.04472175386423866,0.056084395743285616,0.029149610502645373,0.024354612780734898,0.024576657156770428,0.024102421166996162,0.022700561055292685,0.01067564200105456,0.03026587119481216,68.65021504582586,10910.970929120038,104.4555930963969,0.04314835513165841,0.015100923898474623,0.05910481467532615
cellbalance_high_w3e9_e50_seed0,49,49,371.92182613063505,270724.66622677364,520.3120854129506,4.513720681938434e-05,148,6,6,5.983033224765677e-05,0.009212691026429335,0.011952681622157494,0.0051834113740672665,0.005207521452878912,0.005561353017886479,0.004822501912713051,0.004978608262414734,0.002245272354533275,0.006665280554443598,0.008576030532519022,0.002463909021268288,0.011872593158235153,4.613311709060023e-05,0.736155214471462,10,0.03811857560649514,0.04494527638889849,0.029751198700008294,706.7967124114166,0.04560319096781314,0.060184497851878405,0.023140357341617346,0.026392993043797712,0.029019548278301954,0.02345272950672855,0.02224654998475065,0.011518225508431594,0.029267908694843452,34.796324936119284,8310.433785103463,91.16158064175644,0.042845180320243044,0.014969990767228106,0.058703425774971646
