checkpoint,requested_epoch,loaded_epoch,cell_balance_mae_ft3,cell_balance_mse_ft6,cell_balance_rmse_ft3,cell_mse_loss,num_cell_samples,num_one_step_hydrographs,num_rollout_hydrographs,one_step_mse_loss,one_step_zone_0_rmse,one_step_zone_0_volume_rmse,one_step_zone_0_wd_rmse,one_step_zone_1_rmse,one_step_zone_1_volume_rmse,one_step_zone_1_wd_rmse,one_step_zone_2_rmse,one_step_zone_2_volume_rmse,one_step_zone_2_wd_rmse,one_step_zone_3_rmse,one_step_zone_3_volume_rmse,one_step_zone_3_wd_rmse,one_step_zone_loss,relative_cell_balance_rmse,rollout_length,rollout_rmse,rollout_volume_rmse,rollout_wd_rmse,target_budget_rms_ft3,zone_0_rollout_rmse,zone_0_rollout_volume_rmse,zone_0_rollout_wd_rmse,zone_1_rollout_rmse,zone_1_rollout_volume_rmse,zone_1_rollout_wd_rmse,zone_2_rollout_rmse,zone_2_rollout_volume_rmse,zone_2_rollout_wd_rmse,zone_3_cell_balance_mae_ft3,zone_3_cell_balance_mse_ft6,zone_3_cell_balance_rmse_ft3,zone_3_rollout_rmse,zone_3_rollout_volume_rmse,zone_3_rollout_wd_rmse
noface,0,0,1880.9256417410713,5493675.308441559,2343.8590632633095,0.0021366372813361807,77,3,3,0.002074419055134058,0.04859242712457975,0.03307240021725496,0.06023143728574117,0.04458815107742945,0.034829430282115936,0.05252455547451973,0.04054807250698408,0.03305165469646454,0.046787516524394356,0.039242240289847054,0.028089534491300583,0.0477458784977595,0.0017015045741572976,3.4797699433794436,25,0.4929380022982756,0.32072290159761907,0.6182083332538605,673.5672476632254,0.5519716659188271,0.3340694079299768,0.7045695509513219,0.4951117900013924,0.3231102257966995,0.6202199465533098,0.37428841734925905,0.3090586158633232,0.42950262263417244,1570.4708315366274,4351452.993506493,2086.0136609108035,0.3192373777925968,0.2607528922210137,0.36800386091073356
noface,1,1,1554.0181425020291,4079626.1948051946,2019.8084549791336,0.0012666980869003705,77,3,3,0.0011571548723926146,0.03432717795173327,0.02849264753361543,0.03930318603912989,0.03310594831903776,0.026355952645341556,0.03868383417526881,0.0328061543405056,0.026742448409398396,0.037856463342905045,0.03621061642964681,0.02841742957631747,0.04250792289773623,0.0011843460767219465,2.998673795358011,25,0.37600511640310286,0.31107928812503816,0.4305989055832227,673.5672476632254,0.41479290544986724,0.3354174202183882,0.48023606742421787,0.34889181206623715,0.2781328981121381,0.4070972220599651,0.3177132620165745,0.28155084038774175,0.3497044787804286,1684.1053831422485,4619512.87012987,2149.3052063701584,0.3236154950161775,0.3105221405128638,0.3350616013010343
noface,2,2,1274.5300673447646,2643022.048701299,1625.7373861424542,0.0009772518246023395,77,3,3,0.0008277479597988228,0.028587385391195614,0.022595496848225594,0.033524523178736367,0.028254400317867596,0.021529957031210262,0.03363119810819626,0.029589855422576267,0.022751384725173313,0.035118017345666885,0.029245196531216305,0.023013431578874588,0.034316608061393104,0.0008540243725292385,2.413622977932117,25,0.3240292538950841,0.23742039951185384,0.3914748981595039,673.5672476632254,0.3489536345501741,0.242052431255579,0.42948953141768775,0.29402007823189097,0.21688243853549163,0.3542459962765376,0.3133296528458595,0.24373476326465607,0.3693440722922484,1305.0281205610795,2809179.2483766233,1676.060633860429,0.2822804054617882,0.2512554759035508,0.309625906124711
noface,3,3,1243.130531211952,2551570.7905844157,1597.363700158613,0.0007447002352783819,77,3,3,0.0006562643490421275,0.025676412507891655,0.022637757162253063,0.028326149409015972,0.02488632562259833,0.02096800444026788,0.02826523718734582,0.025202422092358272,0.01950010471045971,0.02981114387512207,0.02733565183977286,0.019877349957823753,0.033051799361904464,0.0006831215190080305,2.371498474280438,25,0.28142578129967055,0.24930386995275816,0.3098813519378503,673.5672476632254,0.3045745000243187,0.2776649164656798,0.32882508834203084,0.2557302802056074,0.2198313445597887,0.2865729545305173,0.26220617691675824,0.21545358782013257,0.3012971581767003,1138.0948636934354,2192453.599025974,1480.6936209175665,0.253143018707633,0.22075132764875888,0.28137238927185537
noface,4,4,1138.406502859933,2098614.887987013,1448.6596867404755,0.0005798041809186969,77,3,3,0.0005751147400587797,0.02468116208910942,0.022800517578919727,0.02627791091799736,0.022986401493350666,0.02012827681998412,0.02547743668158849,0.02281908318400383,0.017204731081922848,0.027260516459743183,0.024483706802129745,0.01790425305565198,0.029595665633678436,0.0005579925297449032,2.1507276248455387,25,0.24821429401636125,0.22615648170312247,0.26829015855987864,673.5672476632254,0.27002483206490674,0.25997443055113156,0.2793969698498646,0.21961114026606082,0.1953195078422626,0.2411259185274442,0.23249264900883038,0.18063351966440677,0.27442840283115705,982.240871677151,1612564.8474025973,1269.8680433031604,0.22784714696307978,0.18153523827592533,0.2659835861126582
noface,5,5,1005.3134083933644,1632500.6331168832,1277.6934816758217,0.0004731559450889321,77,3,3,0.00047805703555544216,0.02091476507484913,0.017756357168157894,0.023499769469102223,0.02192234496275584,0.020367750898003578,0.02329528083403905,0.022448850174744923,0.020055461674928665,0.024591540296872456,0.024423328538735706,0.021127929911017418,0.027132249747713406,0.0005410172646710029,1.8969055964470696,25,0.2136281990259886,0.17654886660476526,0.2449303497870763,673.5672476632254,0.21472393050789834,0.1712928927813967,0.25040556959807875,0.19994848710795243,0.17539342900117239,0.2213503902653853,0.22468152830998103,0.18554394148290157,0.25735853910446166,1090.7929853959517,1908021.3782467532,1381.311470395708,0.2214524775495132,0.1861915250867605,0.2514963782330354
noface,6,6,986.1072181602577,1574648.489448052,1254.849986830319,0.0004175170434354623,77,3,3,0.00044130583410151303,0.01937103581925233,0.015798766476412613,0.022308725863695145,0.021017067755262058,0.020737620070576668,0.02122934100528558,0.023082695280512173,0.022293633470932644,0.02379477210342884,0.023873204365372658,0.021493032574653625,0.02589120591680209,0.0005319394404068589,1.8629913957124695,25,0.20519394035140673,0.17608252974847952,0.23039996512234212,673.5672476632254,0.1913659037152926,0.14972221673776706,0.2252044935276111,0.19908178098499774,0.18812337798376877,0.2089729156345129,0.23729397820929687,0.21475207895040513,0.2570751293748617,1068.6908712015525,1846557.2857142857,1358.880894601983,0.2270024821907282,0.1907332828392585,0.25776810944080353
noface,7,7,826.4837733677456,1120938.8279220778,1058.7439860145973,0.00034531139407319004,77,3,3,0.0003466029690268139,0.018921924754977226,0.018066949521501858,0.019721640273928642,0.016872874771555264,0.014465490045646826,0.018966281786561012,0.018984246999025345,0.01610852840046088,0.021476710836092632,0.02042863021294276,0.015428025275468826,0.024425387382507324,0.0003657534931941579,1.5718460030348078,25,0.20302395743628343,0.1676010709007581,0.23269680333634218,673.5672476632254,0.1929082165658474,0.1711103094369173,0.2121153222521146,0.190301539277037,0.15675366301089524,0.21815468527376652,0.2322077109416326,0.17733709418525298,0.2752929799258709,799.8876509232955,1126664.6761363635,1061.4446175549451,0.2282830994327863,0.15821431203434866,0.28054408192634583
noface,8,8,771.2214323762175,970801.4107142857,985.292550826548,0.0002859509035993319,77,3,3,0.000291584098401169,0.01768171725173791,0.017001398528615635,0.018289515748620033,0.015607314184308052,0.01340091476837794,0.017527733619014423,0.01670978715022405,0.013560976833105087,0.01934885544081529,0.018111710747083027,0.013104631255070368,0.022005623827377956,0.0002902162668760866,1.4627975962975874,25,0.18226202443242073,0.15602764753003914,0.20487974668542544,673.5672476632254,0.18028891243040562,0.16761839255690575,0.19177724353969097,0.1694869644070665,0.144688242773215,0.1906726395090421,0.19361338776846726,0.1437687037140131,0.23240482973555723,727.1762473366477,916998.8108766234,957.6005487031758,0.20186907043059668,0.1421427997201681,0.24696747382481893
noface,9,9,772.7580621892756,947933.3327922078,973.6186793566606,0.00026782769796759035,77,3,3,0.0002580685541033745,0.015319884133835634,0.014710231063266596,0.015875065388778847,0.015559708078702291,0.014566643784443537,0.01647060550749302,0.017109589651226997,0.015526796070237955,0.01853848434984684,0.018775612115859985,0.015690165882309277,0.021345291286706924,0.00030444511988510686,1.445466184311053,25,0.17568302954236667,0.14673251260071993,0.20000125475227834,673.5672476632254,0.16813402117540438,0.1420411839708686,0.19000777122875054,0.17296544109781584,0.15283199446896711,0.1904973676552375,0.19336629517376422,0.1537662923956911,0.22539101096491018,763.7947910853794,1014647.7045454546,1007.297227508075,0.1874276576191187,0.140833564500014,0.2239191815753778
noface,10,10,767.4523664202009,942385.5089285715,970.7654242547844,0.00024078653043577473,77,3,3,0.0002460041141603142,0.01470094888160626,0.014097843940059343,0.01524451437095801,0.015571907783548037,0.01514989354958137,0.015927538586159546,0.016781604538361233,0.015593584006031355,0.01785464646915595,0.018428998688856762,0.01547289298226436,0.020879578466216724,0.0002957240988810857,1.4412301483224048,25,0.16528606962412595,0.14422366816550494,0.18361473110814888,673.5672476632254,0.15364007769773405,0.13288655217736958,0.17147862604508798,0.1715499512727062,0.16018212102353574,0.18178485014786322,0.18065068776408832,0.15519749352087578,0.20236463651061057,740.4113198812906,954882.7378246753,977.1810158945349,0.17719322601954143,0.13551778343816598,0.21034994810819627
noface,11,11,740.3628540039062,885478.2280844155,940.9985271425326,0.00021922363001587137,77,3,3,0.0002291958953719586,0.014644543329874674,0.014899076893925667,0.014357774828871092,0.014847026206552982,0.014587746622661749,0.015043704149623712,0.015548234805464745,0.013973018154501915,0.01695530799527963,0.017279556021094322,0.013944501367708048,0.02001384211083253,0.00025982353448246914,1.3970372377919111,25,0.158947180348138,0.14330351773649455,0.1728722145780921,673.5672476632254,0.15078296072781086,0.13894596345722676,0.16120717817296584,0.1660573644315203,0.15787866197526454,0.17349054992198945,0.16498357320825258,0.1421869174266855,0.1846022400011619,678.2470203746449,822759.7207792208,907.0610347596356,0.1688702546308438,0.12535379614681005,0.20294220209121705
noface,12,12,687.0258250050731,755161.0101461039,869.0000058378043,0.00020129479488279283,77,3,3,0.0002073572298589473,0.01425752385209004,0.014831220420698324,0.013653161625067392,0.013454771600663662,0.012314589383701483,0.014487778767943382,0.014949300015966097,0.012832744357486566,0.01679705207546552,0.016195776561896007,0.011611364471415678,0.019738325228293736,0.000228613226984938,1.2901458745991352,25,0.1557434789960583,0.13518779000888267,0.17345135300109785,673.5672476632254,0.15221560450891652,0.13668815698474646,0.16556068768103918,0.15017787461479504,0.13791162767757972,0.16111187429477772,0.16675802680353324,0.13673632147411505,0.19158163766066233,614.7605519480519,670990.5430194805,819.1401241664826,0.16724353494743507,0.11562945317476987,0.20587723282476267
noface,13,13,677.4326591987115,736913.0637175324,858.4364063327769,0.00019403765043818282,77,3,3,0.00020679122341486314,0.015077502466738224,0.016589450029035408,0.013369028766949972,0.012690412191053232,0.011259945730368296,0.0139741242552797,0.014114166299502054,0.011273101903498173,0.016468458498517673,0.015213387397428354,0.010633785277605057,0.01870261567334334,0.0002027469890890643,1.2744628087409373,25,0.1562890138104558,0.13653215013444422,0.17342956074823937,673.5672476632254,0.15402702922622363,0.1505935028443734,0.15667197690655787,0.1495651021103064,0.12347886931151152,0.17144463597486417,0.16558280489097038,0.12370715837925672,0.19846242415408294,603.265994381595,621742.9752435065,788.5068010128425,0.1668422893807292,0.11137460968146722,0.20754944706956546
noface,14,14,689.3209157175831,742041.9675324676,861.4185785856185,0.00016723454524702452,77,3,3,0.00018034395664775124,0.013348376999298731,0.014791230981548628,0.011711193869511286,0.012630210568507513,0.012962314921120802,0.012278213476141294,0.013795961625874043,0.01326968614012003,0.014291577972471714,0.014986610971391201,0.01121264137327671,0.017961810032526653,0.0001966664034019535,1.278890239354863,25,0.14046417336910963,0.1327080920462807,0.1474566243092219,673.5672476632254,0.13674970751007398,0.1340247500191132,0.1386134522035718,0.13832786834488311,0.13514214077343542,0.14118382040411234,0.1479430204629898,0.13851648879547915,0.1564850950986147,571.0132906034395,589967.0551948051,768.0931292459302,0.1506057988976439,0.10675283309072256,0.18411815265814463
noface,15,15,629.3390582196124,650047.3607954546,806.2551462133154,0.00014633857658323407,77,3,3,0.00017684542399365455,0.013798671153684458,0.01470127236098051,0.012716599429647127,0.01206147950142622,0.01181910652667284,0.012286591033140818,0.012890431098639965,0.011661382392048836,0.013988789481421312,0.014325731433928013,0.010060694379111132,0.01757609782119592,0.0001770049323871111,1.196992800660094,25,0.13254226027677457,0.1250722303489844,0.1395170635730028,673.5672476632254,0.13155233439058064,0.13458172246813774,0.1282290887584289,0.1279195338487625,0.11995561812072993,0.1353410131111741,0.13257821994523208,0.11670831051965555,0.1466072203218937,534.6486408184101,530805.1038961039,728.5637267227239,0.14732465025037528,0.09899675174305836,0.18322019698719183
noface,16,16,630.8190196644176,644834.0974025974,803.0156271222854,0.00013742948889463246,77,3,3,0.00016200872293363014,0.012682282365858555,0.013261118282874426,0.01196631882339716,0.01210529791812102,0.012087687229116758,0.012105926560858885,0.012700690887868404,0.011894972994923592,0.013436960677305857,0.014321248357494673,0.009376933798193932,0.01794903849562009,0.00017563177001041672,1.1921833045002546,25,0.12465429383019606,0.11990883135547241,0.12916565501441557,673.5672476632254,0.12041335043807824,0.125079465508461,0.11538339871913195,0.12248625446110964,0.11988326878597338,0.12496693098296721,0.12656164201597372,0.11964752197265625,0.13304048186788955,487.27955171659397,440968.61323051946,664.0546763863044,0.14520190974076588,0.09045301292091608,0.18427197009325028
noface,17,17,623.5435236150569,649229.8214285715,805.747988783448,0.00013787287148320443,77,3,3,0.0001587379762592415,0.012872505001723766,0.014637049287557602,0.0107566366593043,0.011616180650889874,0.012023984144131342,0.011189461996157965,0.012455055490136147,0.01090032234787941,0.013829827929536501,0.013743461109697819,0.009226660865048567,0.017098282774289448,0.00016392838733736426,1.196239858126699,25,0.12741141946365436,0.12202757161110639,0.13230455002437036,673.5672476632254,0.12485633475085099,0.13416886993994315,0.11438342622170845,0.12158821175495783,0.117162444802622,0.12557327394684156,0.13292478771259386,0.10448387714723746,0.15595665310819945,524.2618233816964,498941.30803571426,706.3577762265481,0.14336352981626987,0.09430500956873099,0.17934289254248142
noface,18,18,582.404076514306,613202.330762987,783.0723662363441,0.00014231629360107365,77,3,3,0.00018234950160452476,0.014290104309717814,0.014641920725504557,0.013774973961214224,0.012002867956956228,0.0106060312439998,0.013231258528927961,0.012942592613399029,0.010375984323521456,0.01506315761556228,0.013765729342897734,0.008847748550275961,0.017329732577006023,0.00017092586980046084,1.162574886105314,25,0.1319948401922981,0.12271856404840946,0.14056737946967285,673.5672476632254,0.13615778643637896,0.14152410082519054,0.13028006268044312,0.1204978517194589,0.10396281350404024,0.13499736707657575,0.12996899577478568,0.10357656948268414,0.15176276218146087,491.9102894176136,470507.6931818182,685.9356334101751,0.14147934588293234,0.09149804173658292,0.1779017964998881
noface,19,19,597.2869611467634,592640.0864448051,769.8312064633423,0.00013597043440526037,77,3,3,0.00012862658816933012,0.010905286607642969,0.012296788704892,0.009267309680581093,0.011277290371557077,0.01190109271556139,0.010609942798813185,0.011699940077960491,0.009337152354419231,0.01364992248515288,0.012753847365578016,0.007780568829427163,0.01626888041694959,0.0001453978281157712,1.1429166265641342,25,0.12748257773617902,0.11756942253559828,0.13615664089719454,673.5672476632254,0.12037812133630117,0.12186695891122024,0.11800671007484198,0.12878010345002017,0.12813181170572838,0.1287326260904471,0.14076870224128166,0.1031675365070502,0.16959896765649318,446.04842228084414,361034.19237012987,600.8612089077892,0.1346373103186488,0.08484007323160768,0.17027062751352787
cellbalance_all_w3e9,0,0,1142.801596108969,2122774.0535714286,1456.9742803397144,0.0018339410829418278,77,3,3,0.0017322162942339976,0.046033998330434166,0.019636443505684536,0.06206762542327245,0.03688278545935949,0.020206186299522717,0.04805523405472437,0.035336364060640335,0.0213389756778876,0.04516063133875529,0.038874153047800064,0.019829793522755306,0.051218741883834205,0.0013984872493892908,2.1630717428650597,25,0.45383749773104987,0.19640344460805256,0.6109174132843812,673.5672476632254,0.5287855152785778,0.19591424204409122,0.7215517116586367,0.41087261339028675,0.19245969402293364,0.548038192888101,0.3316467725733916,0.206722094292442,0.4208362725873788,1121.0631896179991,2065162.892857143,1437.0674628760971,0.3051530760029952,0.19070052680869898,0.3865532741943995
cellbalance_all_w3e9,1,1,874.2882991642147,1255765.9253246754,1120.6096221810142,0.0010969541406004944,77,3,3,0.0008829521636168162,0.031244993209838867,0.015333968214690685,0.04142222056786219,0.02815958981712659,0.015178314099709192,0.03676967571179072,0.02802156408627828,0.015633289081354935,0.03640483692288399,0.02807065782447656,0.0166821526363492,0.03596587727467219,0.0007919875788502395,1.663693753027172,25,0.34690929698447387,0.157531909669439,0.4644213267167409,673.5672476632254,0.3990278694530328,0.16041906186689933,0.540802682141463,0.3009818091243506,0.14441058922559022,0.4001008362571398,0.2864554705967506,0.16159336477518083,0.37125022381544115,928.2418450689935,1411314.7727272727,1187.9876988956041,0.2560027430703243,0.16720272962003946,0.3210077423850695
cellbalance_all_w3e9,2,2,802.7272132774452,1064168.0706168832,1031.5852221784119,0.0006871413599772306,77,3,3,0.0005759391351602972,0.024077496180931728,0.014492169333000978,0.030804072817166645,0.022900015736619633,0.015409371815621853,0.028450336307287216,0.02459961548447609,0.014609430606166521,0.03155257242421309,0.025092802941799164,0.016928084505101044,0.031079004208246868,0.0005965005063141385,1.5315252126008814,25,0.2665406620750825,0.14706486135721206,0.34686232226590313,673.5672476632254,0.291599289427201,0.1455982221662998,0.38551022559404374,0.22550706389049688,0.13875663674126068,0.2869074146201213,0.2561855185031891,0.1490910208101074,0.3299883220096429,910.9822102336141,1365488.6387987013,1168.5412439442184,0.2461865191409985,0.16783405727396408,0.3048573243121306
cellbalance_all_w3e9,3,3,731.6080512505073,882134.7086038961,939.2202662868259,0.0004942281577621236,77,3,3,0.00045314893941394985,0.021023133769631386,0.013377368760605654,0.026540633911887806,0.020263593023022015,0.013922899030148983,0.025032268837094307,0.022037809093793232,0.01329259512325128,0.028171746681133907,0.023184736569722492,0.015341267921030521,0.02889033096532027,0.0004911578046934059,1.3943971734748353,25,0.2244238514949878,0.1330484958489736,0.28798844729860623,673.5672476632254,0.23948864350716273,0.13047343768179417,0.3122356042265892,0.19010449183483918,0.12589933527012667,0.23738002471625805,0.22521415340403717,0.1377275913208723,0.28698847770690916,817.0329423384233,1098827.8327922078,1048.2498904327192,0.22415713287889957,0.15245786598573127,0.2777337160954873
cellbalance_all_w3e9,4,4,696.6602775276481,789139.1168831169,888.3350251358531,0.00040080575022979507,77,3,3,0.0003931443109953155,0.0197622658063968,0.013525472953915596,0.024387404322624207,0.01897601659099261,0.013313673436641693,0.023295622318983078,0.019931622470418613,0.012091477711995443,0.02545526809990406,0.021380725006262463,0.014327875028053919,0.026564668864011765,0.00041542524316658575,1.3188512776084516,25,0.20106158562004567,0.12548752631992102,0.2550385129948457,673.5672476632254,0.21184579506516457,0.13198976614822944,0.26862178921699525,0.17418604818483194,0.11370416335761548,0.21841215081512927,0.20220968969166278,0.11739385313043992,0.2605561342587074,727.9113048206676,884404.4107142857,940.4277807010412,0.20640332125127314,0.13158275655160348,0.2603899107376734
cellbalance_all_w3e9,5,5,806.9892356178977,1018703.8238636364,1009.3085870355193,0.0003668574155943299,77,3,3,0.0003892502960904191,0.019111020490527153,0.011728369941314062,0.024338577563563984,0.019236679499348004,0.015253834115962187,0.02241760678589344,0.02014077454805374,0.01561137568205595,0.02374507486820221,0.021294888108968735,0.017300343761841457,0.02443224998811881,0.00042265977632875246,1.4984525903494643,25,0.1980104126036167,0.14972001299262047,0.2364002416282892,673.5672476632254,0.18952937061587968,0.12186906869212787,0.23854546546936034,0.1889439334720373,0.15869955970595281,0.2145643655459086,0.22032011893888315,0.18090917913864057,0.2530662228167057,968.0726690911628,1397418.7540584416,1182.1246778823465,0.22040107041597368,0.1876633363092939,0.24864598197241625
cellbalance_all_w3e9,6,6,627.125818822291,636908.2232142857,798.0653000940998,0.0003171428282482114,77,3,3,0.00029536325988980633,0.016987516234318416,0.010400056218107542,0.021650369589527447,0.016671186002592247,0.01246003806591034,0.01993868499994278,0.017202212164799374,0.01099820745488008,0.021662859246134758,0.018489789838592213,0.013022451661527157,0.022548939411838848,0.0003126855008304119,1.184833886835783,25,0.183188904200991,0.11037023906906446,0.23406810954213142,673.5672476632254,0.1879871673633655,0.10317516177892685,0.2446813644717137,0.16429644292841356,0.1167878568917513,0.20042197863260905,0.18948210023343562,0.11157267305999995,0.24314863150318464,652.6700701032366,721955.547077922,849.6796732168671,0.19228664224346478,0.12409643130997816,0.24175294024248917
cellbalance_all_w3e9,7,7,580.7097417658025,542675.9334415584,736.6654148536894,0.00027710009406338893,77,3,3,0.0002475757258556162,0.015388634987175465,0.009576364420354366,0.01953115810950597,0.015288318817814192,0.011320793380339941,0.018310820683836937,0.016008629153172176,0.009981147634486357,0.020274821668863297,0.01760644776125749,0.01230139471590519,0.021504240110516548,0.00027355501273026067,1.093677605924824,25,0.17543527986854315,0.10277532779922088,0.22545652270317076,673.5672476632254,0.17629868876188992,0.09659981184949477,0.22947938511768975,0.1577983040610949,0.10818095454325279,0.1946714319785436,0.18819992321232953,0.102948621387283,0.24496631994843482,606.5076139375761,630887.2025162338,794.2840817467222,0.1898350000878175,0.11619203908989827,0.24175910331308842
cellbalance_all_w3e9,8,8,529.3342293082894,452507.83116883115,672.6870231904516,0.0002450971169073691,77,3,3,0.00021077007113490254,0.01404487807303667,0.008888321307798227,0.017744410162170727,0.013979794457554817,0.010383291480441889,0.016704314077893894,0.01506137102842331,0.009087433107197285,0.01921785684923331,0.016815345734357834,0.01137511245906353,0.020731164142489433,0.00024213751991434643,0.9986931899141064,25,0.1701720206439495,0.09456931918859482,0.22095194143553576,673.5672476632254,0.169149720557034,0.08855300944298505,0.22184604706863562,0.1523036074762543,0.10066238342473904,0.18990035978456338,0.18645008905480306,0.0930309524635474,0.2463443156083425,561.9269310096641,549296.1473214285,741.1451594130724,0.18765188487867515,0.10806830576310555,0.24215379705031712
cellbalance_all_w3e9,9,9,499.57914357371146,403721.93506493507,635.3911669711305,0.0002252963693228901,77,3,3,0.00018634059718654802,0.013001801756521067,0.008372788627942404,0.016344908935328323,0.013062012692292532,0.009852060427268347,0.01550733329107364,0.01451207355906566,0.008606163629641136,0.018582027405500412,0.016210886960228283,0.010646958835422993,0.02014949545264244,0.00022194525809027255,0.9433225400662852,25,0.16797240149229764,0.0907244640837113,0.21922947098811468,673.5672476632254,0.1655566049243013,0.0837512560064594,0.2182732606306672,0.1529109006250898,0.09885708438853423,0.1918520567814509,0.18450137726962568,0.08777829537789027,0.24544018805027007,533.8492185914671,499925.50608766236,707.0541040738412,0.18529822813967864,0.10502553048233192,0.2399147995064656
cellbalance_all_w3e9,10,10,460.49867109818894,343243.95819805196,585.8702571372368,0.00019898332822493387,77,3,3,0.00016194870113395154,0.012032223244508108,0.008001347227642933,0.015003470393518606,0.012025082173446814,0.00894695520401001,0.01437587228914102,0.01375388540327549,0.007958330834905306,0.017713339378436405,0.015358147211372852,0.00927332416176796,0.01954370488723119,0.00019704975905672958,0.8698021751647936,25,0.1607949798554182,0.08475256048763792,0.21077272713184356,673.5672476632254,0.1554486476878325,0.0783008952314655,0.2050816633676489,0.15010996013879777,0.09251994494969647,0.19068023844311635,0.17827648324271042,0.08255711625640591,0.2380390049268802,483.11546464399856,414834.0974025974,644.07615807651,0.17989574221273263,0.09669687353695432,0.23523460671305657
cellbalance_all_w3e9,11,11,425.12838348785004,293802.6877029221,542.035688587866,0.00017342757758330674,77,3,3,0.00014091145324831208,0.01128145307302475,0.007817938613394896,0.013900912987689177,0.011149031110107899,0.008012239821255207,0.013526907190680504,0.012723936388889948,0.007171612388143937,0.016473541346689064,0.014296672927836577,0.008056237983206907,0.018471970533331234,0.0001699290053996568,0.8047239388024351,25,0.15106755392005047,0.07835394344603022,0.19854936985919872,673.5672476632254,0.14587057529638212,0.07409494152292609,0.1921699799473087,0.14276500448584556,0.08350646798809369,0.1835229348639647,0.16547148541857798,0.07619507760430376,0.22113261387993893,440.7254690195059,350233.1178977273,591.8049660975543,0.16934350991000732,0.08737725028768181,0.22292444693545502
cellbalance_all_w3e9,12,12,398.2524418025822,259600.578125,509.5101354487465,0.00014325679578839547,77,3,3,0.00012088353832950816,0.01045905581365029,0.007523905175427596,0.012731547156969706,0.010352445766329765,0.007297465422501166,0.012659107334911823,0.011653712329765161,0.006544731091707945,0.015099770699938139,0.013385533665617308,0.0073755405222376185,0.017372143144408863,0.00014654682793964943,0.7564354371688433,25,0.13625601422041655,0.07321947993089756,0.17806514310340085,673.5672476632254,0.13103639935453734,0.07120546743894617,0.1707385705783963,0.12916918370872735,0.07460005789374312,0.1665250308935841,0.14746137374391158,0.07050720008090139,0.1961798613021771,419.7868822766589,318660.1651785714,564.4999248702974,0.1570964431638519,0.08225522741054495,0.20631785216430823
cellbalance_all_w3e9,13,13,373.243306742086,231358.4143668831,480.99731222417773,0.00011668157793638937,77,3,3,0.00010454231960466132,0.009837576809028784,0.007262619988371928,0.011865197991331419,0.009509018622338772,0.0066558606922626495,0.01166696846485138,0.010639423504471779,0.005978307065864404,0.013785140899320444,0.01260738012691339,0.006600149907171726,0.016507565664748352,0.00012634461503087854,0.7141043658118453,25,0.12088810879737139,0.06830149472380678,0.15658318570504587,673.5672476632254,0.11735699170579512,0.06907819363599023,0.1506011936441064,0.11209811480094989,0.06617493844901522,0.14391348350793123,0.12844040155410766,0.06453151675562063,0.16973868861794472,380.8221978521966,273067.53733766236,522.5586448788905,0.14367177764574687,0.07447233813504378,0.18896319735795258
cellbalance_all_w3e9,14,14,352.49306894277595,210579.74482548703,458.88968698968057,9.940333001832659e-05,77,3,3,9.277858528851841e-05,0.009247872668008009,0.0067041111178696156,0.011225971393287182,0.008949945059915384,0.006124273718645175,0.011065727410217127,0.009959868465860685,0.005626708424339692,0.012890045220653215,0.012121924509604773,0.006189683297028144,0.015932118520140648,0.00011405051676168416,0.6812826612067089,25,0.11014336561163267,0.06404028466592232,0.14187370399634044,673.5672476632254,0.10664811634769042,0.06595883427808683,0.13537776184578737,0.10150238662958146,0.05984176641951005,0.1303762188057105,0.11567111716916163,0.06043739867086212,0.15196725693841776,352.3607431386972,242048.37905844155,491.98412480327204,0.1351953386515379,0.06931394614900152,0.17810747067133587
cellbalance_all_w3e9,15,15,344.78205772498984,205910.7210836039,453.77386558020714,9.057315472020562e-05,77,3,3,8.548710805674394e-05,0.008898641293247541,0.006446300229678552,0.010801545965174833,0.008533413211504618,0.0057691374483207864,0.010594491846859455,0.009534724367161592,0.005443843857695659,0.012316407635807991,0.011729933011035124,0.005650682530055444,0.015557379461824894,0.00010554678495585297,0.673687545162659,25,0.10410519169022639,0.06283556223536531,0.13304968214283386,673.5672476632254,0.10182823325196902,0.06652790182580551,0.12750110776474077,0.09484604246914387,0.05723176619658867,0.12124225291113058,0.10731348561743895,0.05931593742221594,0.13965180781980355,318.1051205721769,207639.8903206169,455.6752026615195,0.12860105158140261,0.06237332886705796,0.17078368508567413
cellbalance_all_w3e9,16,16,361.54299094460225,232095.93242694804,481.7633572896013,8.705802639423229e-05,77,3,3,0.00010187769900464143,0.010413943169017633,0.0080635417252779,0.012251200154423714,0.008903626662989458,0.006350429107745488,0.010839888826012611,0.009146562156577906,0.005113444911936919,0.011868491768836975,0.011594850259522596,0.005527603750427564,0.015415797010064125,0.00010382692562416196,0.7152416614093987,25,0.1063234569504857,0.07458617966001233,0.13048880321284134,673.5672476632254,0.10695893085251251,0.08324144241710504,0.12615283782283465,0.09950978428125382,0.07283683223028978,0.12028473023325205,0.09979133320351442,0.054501644230137265,0.13013582496593395,311.2218752774325,208995.25243506493,457.159985601392,0.1271580662454168,0.06037412143001954,0.16936281921962898
cellbalance_all_w3e9,17,17,364.19431255390117,213361.07284902598,461.91024328220516,8.000670211252078e-05,77,3,3,9.862341782233368e-05,0.009993616181115309,0.007948497155060371,0.011653906665742397,0.009179237298667431,0.0065489330639441805,0.011194655361274878,0.009366931083301703,0.005570519094665845,0.012004485353827477,0.011446625925600529,0.0054375358546773596,0.015236382993559042,0.00010483546066097915,0.685767078023298,25,0.10505784273147584,0.0733938012085855,0.12909227636953194,673.5672476632254,0.10062028060356776,0.07627216735854744,0.12001823840041956,0.10314420313884815,0.07529323080554605,0.12480405622472365,0.1055671513453126,0.0646362284819285,0.134419227677087,340.8727674608107,223602.5362215909,472.86629846246274,0.12703454922884702,0.06640994486709435,0.16688414962341389
cellbalance_all_w3e9,18,18,379.03047120725955,220559.19358766233,469.6373000387239,8.713180422646827e-05,77,3,3,0.00011210515125033756,0.010774816075960795,0.0076582917633155985,0.013146293349564075,0.00993296317756176,0.0069326044370730715,0.012205473457773527,0.00975041805456082,0.006313936474422614,0.01225556650509437,0.011782539697984854,0.006085643079131842,0.015509948755304018,0.00011432334576966241,0.6972389196001053,25,0.11486212787528832,0.07729316314061482,0.14278711908807357,673.5672476632254,0.1104560803497831,0.0746463151772817,0.1370007883881529,0.11618884512533745,0.08142793557296196,0.1426383187994361,0.11114886278907458,0.07644288759678602,0.13730056382715702,409.3623431317218,278270.700487013,527.5136969662617,0.13532123585542044,0.07937469945599636,0.17410024041930836
cellbalance_all_w3e9,19,19,339.891275381113,196369.98315746753,443.13652880062546,8.721893863803888e-05,77,3,3,8.358351866869877e-05,0.008915537347396215,0.00712262187153101,0.010379170998930931,0.008593860703210035,0.005711293313652277,0.010711366931597391,0.009137272524336973,0.004914320229242246,0.011949932823578516,0.011264888569712639,0.004871601859728496,0.015167303072909514,9.892680585229148e-05,0.6578950065312377,25,0.10310035552829504,0.06623179440076153,0.129830099294583,673.5672476632254,0.10093018761525552,0.07147310809542735,0.12332891919960579,0.09730029805252949,0.06277324816212058,0.12243057454625765,0.10074983591834705,0.05675394598394632,0.13067637547850608,300.5371167071454,186246.80245535713,431.5632079491452,0.12785263208051523,0.06125077285493414,0.1700933865706126
cellbalance_high_w3e9,0,0,1473.3254949396307,3484382.272727273,1866.650013453854,0.0018951576702030642,77,3,3,0.0018528202781453729,0.04585913568735123,0.027242591604590416,0.05884442230065664,0.04041965181628863,0.027089809998869896,0.05030461276570956,0.03961844742298126,0.023317247008283932,0.05092665801445643,0.03994210809469223,0.016605472192168236,0.05396198853850365,0.0016100534315531452,2.7712897560410386,25,0.46226141954461736,0.27065287287036577,0.5948899358510971,673.5672476632254,0.5141441576679547,0.2983615769445896,0.6627967729171117,0.4615714088579019,0.27225031887491546,0.5925100126862526,0.36054919635256133,0.22799004832903544,0.45583579793572426,969.3342261376318,1555241.461038961,1247.0932046318596,0.316660246104002,0.1661679868400097,0.41549004182219507
cellbalance_high_w3e9,1,1,1137.4460782137785,2186834.1542207794,1478.7948316858494,0.0011592722330060969,77,3,3,0.0010448845180993278,0.03380689894159635,0.02227937305967013,0.04230075081189474,0.03141715191304684,0.020354121302564938,0.039476135124762855,0.03087030661602815,0.01754511520266533,0.03995999818046888,0.029210913305481274,0.013445008235673109,0.03905039280653,0.000923408098363628,2.1954672481718216,25,0.35667096947630245,0.21528052965799968,0.4559419184923172,673.5672476632254,0.3937418601910273,0.2443195305019617,0.49993422026435536,0.3511291108777126,0.20385138732691607,0.45254398211836816,0.2938132541626692,0.17561718811591467,0.3764817996819814,778.0332633674918,1013488.9788961039,1006.7218974950847,0.25706636257469656,0.13441072636594376,0.33754687776168185
cellbalance_high_w3e9,2,2,1043.5433302049512,1814304.24512987,1346.961114928664,0.0009122027534773791,77,3,3,0.000772881709660093,0.029144421840707462,0.020349086572726566,0.03584098070859909,0.027084993819395702,0.018473519012331963,0.033552163590987526,0.026580359786748886,0.016376236453652382,0.03383123502135277,0.024445471664269764,0.013024465180933475,0.03202174666027228,0.0006701582266638676,1.9997425937820044,25,0.31140378611783187,0.1930293575425943,0.395501469373703,673.5672476632254,0.34595713185767335,0.21052802967528503,0.441118782411019,0.2900037962694963,0.18970728255808353,0.363253295570612,0.27198475643992426,0.17331149484962224,0.34312032868464787,718.5103902445211,880571.8676948051,938.3879089666518,0.23393005669116973,0.13203636654963097,0.3029394932091236
cellbalance_high_w3e9,3,3,991.504433371804,1638776.8522727273,1280.1471994550968,0.0007178349852828043,77,3,3,0.0005986559942054251,0.025392284616827965,0.019340875868995983,0.03024668184419473,0.02366677609582742,0.016926166291038196,0.028851115455230076,0.023877769708633423,0.015353396845360598,0.030060605456431706,0.022438665231068928,0.012400335942705473,0.029184114187955856,0.0005426814993067334,1.9005484662388947,25,0.2739964755127827,0.1839207861572504,0.34053182097772755,673.5672476632254,0.3006443052490552,0.19968374520540239,0.3746888317664464,0.24612840014199416,0.17769979613522688,0.2986436179031928,0.25460848055779933,0.16943753170470396,0.31724727707604566,677.365070293476,781222.939935065,883.8681688662994,0.22952465998629729,0.13472992714494467,0.2949776251365741
cellbalance_high_w3e9,4,4,894.886820211039,1352494.6136363635,1162.9680191803916,0.000599915722639046,77,3,3,0.0004840273856340597,0.022700965404510498,0.01811726577579975,0.02649037850399812,0.021340064083536465,0.015585985345145067,0.025774290164311726,0.021309924001495045,0.012369227595627308,0.02746581907073657,0.020996402949094772,0.01053752563893795,0.02773038111627102,0.00045088403082142275,1.7265804167512906,25,0.2503108574450016,0.16747304699073234,0.31126163619259994,673.5672476632254,0.2719041359424591,0.18647338884572187,0.3355235533664624,0.2238927877942721,0.16329376225670178,0.2703500428547462,0.23516202869514624,0.1357599125802517,0.303111926689744,590.9814631474483,589892.6501623377,768.0446928156836,0.22466509113709132,0.11936900019645691,0.29413124444584055
cellbalance_high_w3e9,5,5,947.9093564516538,1463989.4594155843,1209.954321210344,0.0005390517211023283,77,3,3,0.00043164663172016543,0.021400268500049908,0.017679262285431225,0.024528590341409046,0.019997237871090572,0.016476294957101345,0.022835281987984974,0.02005574603875478,0.013007454884548983,0.025155564149220783,0.02042614420255025,0.01221610326319933,0.026124941185116768,0.0004100419076470037,1.7963378198806141,25,0.24646829403936862,0.1824892950678865,0.2961099794258674,673.5672476632254,0.26310194961726663,0.18999495858947435,0.3190744486202796,0.22116844139993191,0.1899893126140038,0.24698270455002785,0.23746269163986047,0.1586662176127235,0.2950802536060413,713.7362956257609,811206.7305194805,900.6701563388677,0.23575683402518433,0.15960564501583577,0.29205380159119765
cellbalance_high_w3e9,6,6,898.4748788808847,1284889.6590909092,1133.529734542023,0.00042826909414649784,77,3,3,0.0003541625434687982,0.018987122923135757,0.01628104814638694,0.021349802613258362,0.018245904395977657,0.016064991243183613,0.020037750403086346,0.018587371955315273,0.012964931627114614,0.02282867891093095,0.019471863905588787,0.012129196586708227,0.02468719022969405,0.00035798272195582587,1.6828753750639205,25,0.2172084442526102,0.17119275862971942,0.2543088639527559,673.5672476632254,0.2189858121673266,0.1733800652747353,0.25602634710570177,0.20407491169869899,0.18221245268980663,0.22235445025066536,0.2240547601878643,0.15551210803290208,0.2750355246166388,687.749377758472,742102.4967532468,861.4537113236246,0.22799758362273376,0.15416193567216396,0.28237367150684195
cellbalance_high_w3e9,7,7,731.5486307515727,885658.0730519481,941.0940829969913,0.000332142854209191,77,3,3,0.0002980863888903211,0.01761297384897868,0.014496737780670324,0.020209535335501034,0.01636047661304474,0.013647673341135183,0.01862414926290512,0.01689231830338637,0.010795596055686474,0.021307614942391712,0.018140094975630443,0.00892537273466587,0.024046802272399265,0.000299844784118856,1.3971791031435747,25,0.1864828182508548,0.14152373132606347,0.22217444429794947,673.5672476632254,0.1839403223246336,0.146345156095922,0.2147116240610679,0.17665397395690283,0.1527924338479837,0.1969351861377557,0.19904398242632548,0.12805575121194124,0.2501186955720186,483.9579432103541,406053.46266233764,637.2232439752473,0.20029369396468003,0.10292221866548061,0.2633797361701727
cellbalance_high_w3e9,8,8,709.9610992035308,838979.1801948051,915.958066832104,0.00029652728718046294,77,3,3,0.0002704329720775907,0.0169050885985295,0.014691746793687344,0.018792920435468357,0.015307405963540077,0.013255630309383074,0.017073354373375576,0.016021960725386936,0.010632603118817011,0.020001060018936794,0.017334335173169773,0.008385535329580307,0.02302129939198494,0.00027018847564856213,1.3598613501618337,25,0.17429259383430085,0.13532163612544537,0.20571623640755812,673.5672476632254,0.17186238298813503,0.1453157231087486,0.19450384485224884,0.1629483289271593,0.1399563976501425,0.18243123243252438,0.18767160964508853,0.11890368728588024,0.23672440993289154,439.8754292277547,341991.93993506493,584.8007694378189,0.18930501751601697,0.08915847094729543,0.25205100876589615
cellbalance_high_w3e9,9,9,708.5328305727476,831330.4464285715,911.7732428781684,0.00025653167266410763,77,3,3,0.00027315668800535303,0.017495438146094482,0.014349959480265776,0.020042376592755318,0.015243325382471085,0.013247721828520298,0.016988012318809826,0.01516232949992021,0.010649269757171472,0.01860233706732591,0.016343521264692146,0.008314134242633978,0.021550641084710758,0.0002466868657696371,1.3536484234370654,25,0.16331937962522108,0.13284959173450867,0.1888207973043124,673.5672476632254,0.1611872416858872,0.1409637017175555,0.1790079076339801,0.15496732066075006,0.13892106387764216,0.16922279603779317,0.17375937865426144,0.11938997741788626,0.21425387725234032,436.8709050958807,332491.4602272727,576.6207247639237,0.17461427622785172,0.08903908418491482,0.23005528437594572
cellbalance_high_w3e9,10,10,695.739361651532,796960.6241883116,892.7265114178651,0.00023055492783896625,77,3,3,0.00026743685884866863,0.017629012155036133,0.013847347969810167,0.02058701403439045,0.014885050865511099,0.01279542874544859,0.016695616766810417,0.014367646227280298,0.010780024963120619,0.017210353165864944,0.015703653295834858,0.008384659265478453,0.02055264574786027,0.00022737155571424714,1.3253710219951438,25,0.1573073235526681,0.13046151328831912,0.18008729132513204,673.5672476632254,0.15841764505952596,0.1370962023238341,0.17687254336973032,0.14882864634195964,0.13537945316483577,0.1609877314666907,0.16078958722452322,0.12143590953201056,0.1918030542631944,454.7052485478389,345092.36992694804,587.4456314646897,0.16477312717586756,0.09235404991234342,0.21374796631435553
cellbalance_high_w3e9,11,11,663.8535560508827,749925.6323051949,865.9824665114155,0.00020701213125230188,77,3,3,0.00023543606221210212,0.016710488125681877,0.013875911633173624,0.018967539072036743,0.013707992931207022,0.012277179708083471,0.014977636747062206,0.013217594164113203,0.009924963116645813,0.015820823920269806,0.014937044121325016,0.0071291195539136725,0.019877534359693527,0.00019843145370638618,1.2856659368692984,25,0.1497074592858553,0.12576458630462486,0.17021649743119877,673.5672476632254,0.15295221174756685,0.1360885469118754,0.16784970469772817,0.13972108521809182,0.1296701047072808,0.14896586199601491,0.1492540263508757,0.11028341264774402,0.17959010247141122,379.0483699649959,260987.7297077922,510.86958189717285,0.1569081438705325,0.07635046393920977,0.2082261759787798
cellbalance_high_w3e9,12,12,634.9618110161323,699062.9054383116,836.0998178676465,0.0001883243147114461,77,3,3,0.00021874223602935672,0.01626351134230693,0.01354762880752484,0.018417219631373882,0.013137052146097025,0.011708280382057032,0.014393306958178679,0.012382928282022476,0.009218388547499975,0.014866223558783531,0.014203576991955439,0.006195858120918274,0.019102202728390694,0.000178383799114575,1.2413011778234282,25,0.14293538513282936,0.11962820938477914,0.16285473998636008,673.5672476632254,0.14861559310307104,0.13103529756267865,0.1640812176465988,0.1329320424546798,0.12368151848514874,0.14148212951918443,0.13683214394996562,0.10120250432441633,0.16466692789147297,330.0357507482752,211957.53236607142,460.3884581156129,0.14713365588337182,0.06592157343402505,0.19730444793899854
cellbalance_high_w3e9,13,13,641.4839358639407,707493.3238636364,841.1262235025349,0.00018961709873394,77,3,3,0.00023512678065647682,0.01709750946611166,0.01364554651081562,0.01975458301603794,0.01366813201457262,0.011227818516393503,0.015707877464592457,0.012341304371754328,0.009398827639718851,0.014678321157892546,0.01381100962559382,0.00606300945704182,0.018563279882073402,0.00017706810710175583,1.2487635442795264,25,0.1463145794098576,0.11892845994482437,0.1691736280793945,673.5672476632254,0.156759596777459,0.13077661213775477,0.17863594508419434,0.1359810383245349,0.11978150963783264,0.15022187790522973,0.13045129454384247,0.10371401184548934,0.15247454033543667,338.4330884264661,213938.2476663961,462.5345907782424,0.14120050703485806,0.06767589807510375,0.1878513552248478
cellbalance_high_w3e9,14,14,670.9240738509537,775876.5332792208,880.838539846674,0.00019315481862482652,77,3,3,0.00023940393778805932,0.017419942033787567,0.014586091041564941,0.019668253138661385,0.013493141780296961,0.011298863838116327,0.015342383335034052,0.012577433759967485,0.010271455782155195,0.014476174799104532,0.013525983939568201,0.0064295764702061815,0.01799091324210167,0.00017477863972696164,1.3077217499849123,25,0.14839333889385065,0.12341836718221505,0.1695221258327365,673.5672476632254,0.1617059876397252,0.13658856704831124,0.18294446863234043,0.13578169765571754,0.12002497990926107,0.14966170582920313,0.1291528403138121,0.11159374228368203,0.1445122220243017,349.21736917867287,223703.29981737013,472.9728320076853,0.13798497417320807,0.07061639651035269,0.18190074714521567
cellbalance_high_w3e9,15,15,619.811685537363,710412.0405844155,842.8594429585609,0.00017243366504795607,77,3,3,0.00020944574983635297,0.016460064488152664,0.013950603393216928,0.01843372980753581,0.012666811235249043,0.010669414574901262,0.014373604518671831,0.010977265114585558,0.008125065049777428,0.013198639266192913,0.012710388749837875,0.004689015603313844,0.017348585029443104,0.0001476631296100095,1.25133673865921,25,0.13896502104898295,0.11672497970362504,0.1579752390210827,673.5672476632254,0.15120780410865942,0.13326150866846243,0.16690383950869242,0.13061664550254742,0.11731678343067567,0.14244155444204806,0.11573131290574869,0.0879023410504063,0.13799130147943894,257.5230407714844,149405.83867694804,386.530514548267,0.12998417442043622,0.05106070188184579,0.1765693359573682
cellbalance_high_w3e9,16,16,580.627480246804,629774.1984577922,793.5831389701978,0.0001664020528551191,77,3,3,0.00019826592082002512,0.015869532090922196,0.013809445314109325,0.017569787179430325,0.012282039659718672,0.009531177580356598,0.014507079807420572,0.011276120009521643,0.007257822124908368,0.014193260731796423,0.012819461214045683,0.004542337730526924,0.01754108319679896,0.00014870826271362603,1.1781795236085746,25,0.13899086765944957,0.11261761385947466,0.16099877003580332,673.5672476632254,0.1543651558831334,0.13428271599113942,0.17179152498642603,0.1228685383250316,0.10079450516651074,0.14135983956356843,0.1144989679629604,0.08092317792897423,0.1402167171984911,254.05408983106736,144695.5265827922,380.388652016319,0.13315725890298685,0.052492997962981465,0.18081206381320952
cellbalance_high_w3e9,17,17,488.9318058955205,484303.7256493507,695.9193384648473,0.00012797500506155313,77,3,3,0.00015052291807175303,0.013216205562154451,0.011436311217645804,0.01466752216219902,0.011014294189711412,0.009330679352084795,0.012471244360009829,0.010689768629769484,0.006111747585237026,0.01382348376015822,0.012412590285142263,0.0037514313589781523,0.01713315149148305,0.00013250242045614868,1.0331846461940764,25,0.11890916009744008,0.09613972978045543,0.13794885478913785,673.5672476632254,0.1218567590167125,0.1082161309197545,0.1340075997635722,0.1140357628216346,0.0998003177717328,0.12662559074660143,0.10922965654482444,0.07100825018559893,0.13712108311553797,224.86115433333757,118564.23711444806,344.33158018753966,0.1303371289620797,0.045693224373583995,0.17852671263118586
cellbalance_high_w3e9,18,18,490.4570106407265,483964.51339285716,695.6755805638553,0.00012367332776382493,77,3,3,0.00014617195362613225,0.013104907236993313,0.011154683617254099,0.0146586907406648,0.010731103519598642,0.008742662146687508,0.012400344014167786,0.01014873975267013,0.005989807192236185,0.013035040659209093,0.01261745827893416,0.004089839601268371,0.017355280617872875,0.00012933906691614538,1.0328227552294582,25,0.11839031660308441,0.0963582086811463,0.13680657871067525,673.5672476632254,0.12301175337284803,0.11160883175830047,0.13307355273514987,0.11085789969811836,0.09160165784259637,0.1271667793393135,0.1063585968191425,0.07053117341672381,0.1328138570735852,265.0040089000355,134916.90163352274,367.31036145679684,0.13094500679522753,0.053617214479794104,0.17718219963212808
cellbalance_high_w3e9,19,19,447.57461983816967,414370.14407467534,643.7158876978845,0.00011020484788633592,77,3,3,0.00011542513675522059,0.011365342574814955,0.010172005121906599,0.01242154836654663,0.009724658913910389,0.007794955279678106,0.011329671368002892,0.009557253681123257,0.005391111907859643,0.012392415044208368,0.011734245965878168,0.0033393352447698512,0.016251749669512112,0.00011124117493939896,0.9556816931510508,25,0.10905530646443368,0.08882013505945603,0.12606747516741354,673.5672476632254,0.11300994624694188,0.10337615412970384,0.12178437553346157,0.10079937169949214,0.08626953701799114,0.1134452902028958,0.09866511793186267,0.06341295907273889,0.12421155523508787,191.54305594308036,89986.0140523539,299.9766891815994,0.12406883126745621,0.03916353229122857,0.17100921767453353
