hydrograph_id,transition_index,all_face_abs_max,all_face_count,all_face_mae,all_face_near_zero_fraction,all_face_negative_fraction,all_face_positive_fraction,all_face_rms,zone3_internal_abs_max,zone3_internal_count,zone3_internal_mae,zone3_internal_near_zero_fraction,zone3_internal_negative_fraction,zone3_internal_positive_fraction,zone3_internal_rms,zone3_touch_abs_max,zone3_touch_count,zone3_touch_mae,zone3_touch_near_zero_fraction,zone3_touch_negative_fraction,zone3_touch_positive_fraction,zone3_touch_rms
H1,0,1286943.0,28633,539.7690893888805,0.24541612824363496,0.40624454300981383,0.34872350085565607,17782.527872173985,4.948875427246094,2015,0.17180980454343286,0.22332506203473945,0.3955334987593052,0.3826302729528536,0.46626762213908746,17.11876106262207,3564,0.21334069136171327,0.265993265993266,0.37962962962962965,0.3554994388327722,0.7280821630374497
H1,1,2090994.75,28633,2870.3827510267697,0.22819823280829812,0.41441693151259035,0.35748960989068557,50843.3022024256,18.62113380432129,2015,1.0511404166925529,0.2109181141439206,0.40248138957816376,0.3870967741935484,2.239151102895091,63.719573974609375,3564,1.2328707524371882,0.2505611672278339,0.3877665544332211,0.36195286195286197,3.172407697655189
H1,2,2185449.5,28633,3475.6213918059407,0.20605594942898053,0.42660566479237244,0.367338385778647,56865.94604910766,71.41452026367188,2015,4.131276622900646,0.19751861042183622,0.4094292803970223,0.3930521091811414,8.937111611595167,194.76333618164062,3564,4.637478661209843,0.2351290684624018,0.3942199775533109,0.3706509539842873,11.145788443204061
H1,3,1837239.625,28633,3458.7248961455225,0.1968707435476548,0.43205392379422347,0.37114518213250447,52163.98184181648,262.2882080078125,2015,8.165767138721385,0.19305210918114143,0.4138957816377171,0.3930521091811414,19.392911376373522,576.5989990234375,3564,9.125104328366135,0.23007856341189675,0.39590347923681257,0.3740179573512907,25.539637167377023
H1,4,1686589.625,28633,3521.000425672855,0.18503125763978626,0.43889917228372854,0.37606957007648517,48851.486083100426,331.89239501953125,2015,12.813882326618389,0.1880893300248139,0.4138957816377171,0.398014888337469,29.3609550388712,1042.488525390625,3564,14.598636877875519,0.2222222222222222,0.3956228956228956,0.38215488215488214,42.49260427151302
H1,5,1677004.125,28633,4253.4376464660945,0.17811615967589844,0.4440331086508574,0.37788565641043553,50534.123006589,378.9111328125,2015,16.53088459524348,0.18660049627791564,0.4153846153846154,0.398014888337469,38.03443797852545,1612.940673828125,3564,19.13030069315411,0.21997755331088664,0.3984287317620651,0.38159371492704824,59.68188755085642
H1,6,1690209.0,28633,5617.978986904931,0.1683372332623197,0.44902734606922085,0.38263542066845946,58528.788126579915,441.05694580078125,2015,21.26984851240864,0.18163771712158808,0.4173697270471464,0.40099255583126553,48.43603570196737,2248.151611328125,3564,24.831946558660704,0.21464646464646464,0.4009539842873176,0.38439955106621776,78.7174962779716
H1,7,1647740.375,28633,5870.746261761579,0.16365731847867845,0.4503894108196836,0.385953270701638,57358.946366654964,1297.291015625,2015,25.75255417891854,0.18064516129032257,0.41786600496277915,0.40148883374689825,65.5729368818496,2678.235107421875,3564,30.066396262158,0.21296296296296297,0.4015151515151515,0.38552188552188554,98.42903723328594
H1,8,1543066.0,28633,5607.888903985477,0.15702161841232146,0.4538469598016275,0.38913142178605103,52565.41586376468,1756.0023193359375,2015,31.236083621738146,0.1771712158808933,0.42034739454094294,0.40248138957816376,82.43376945045168,3066.101806640625,3564,36.72003353021657,0.20763187429854096,0.40404040404040403,0.388327721661055,119.88219766924668
H1,9,1513897.5,28633,6681.355841135094,0.15324974679565537,0.456571089302553,0.390214088638983,57936.37054538174,3236.252197265625,2015,36.081698382615485,0.1771712158808933,0.42233250620347396,0.40049627791563275,112.53157287886138,3708.09765625,3564,43.4631547205011,0.20707070707070707,0.4057239057239057,0.3872053872053872,158.04135720535947
H1,10,1685551.125,28633,7933.380705317562,0.14713791778716864,0.46041281039360177,0.39244927181922956,68536.64954646875,4308.77880859375,2015,41.995029461138856,0.17568238213399504,0.4238213399503722,0.40049627791563275,139.66762187571325,4340.8603515625,3564,51.7961214865417,0.20398428731762064,0.40824915824915825,0.3877665544332211,198.05881854217705
H1,11,2084574.625,28633,9360.976074410195,0.14134041141340412,0.46484825201690355,0.3938113365696923,76795.01781433674,5114.92919921875,2015,46.35649879761248,0.17270471464019851,0.426302729528536,0.40099255583126553,160.94929960616295,5292.20751953125,3564,58.06866778118427,0.20230078563411896,0.4102132435465769,0.38748597081930414,230.91814787725917
H1,12,2454634.75,28633,11804.572884021702,0.13547305556525688,0.4707156078650508,0.3938113365696923,88607.89277061459,5604.29443359375,2015,52.485474185118534,0.16923076923076924,0.426302729528536,0.4044665012406948,177.81754193436458,6689.95703125,3564,66.04794868973586,0.1994949494949495,0.4110549943883277,0.3894500561167228,264.01231637936536
H1,13,2730421.75,28633,13112.027593911427,0.13232982921803513,0.4747668773792477,0.3929382181399085,93268.78888593736,6497.28759765625,2015,59.90101545223266,0.1687344913151365,0.4267990074441687,0.4044665012406948,210.68783350979228,219177.703125,3564,199.67147637708175,0.19921436588103256,0.4116161616161616,0.3891694725028058,5160.51324121336
H1,14,2914635.75,28633,14586.741486481336,0.1285230328641777,0.47696713582230293,0.39457968078790207,96560.48761040483,19373.4296875,2015,85.55718909685712,0.16724565756823823,0.4267990074441687,0.40595533498759306,600.8214438745392,374383.53125,3564,314.6014109840537,0.19640852974186307,0.41245791245791247,0.39113355780022446,8880.370753808402
H1,15,3036143.25,28633,16883.968370714992,0.12569412915167813,0.47630356581566724,0.39810707924422867,102405.34360394048,43319.6953125,2015,138.12484722298063,0.16724565756823823,0.4277915632754342,0.40496277915632756,1433.4512457095275,372989.71875,3564,362.1390793165341,0.19584736251402918,0.41245791245791247,0.39197530864197533,8892.038643839987
H1,16,3119460.25,28633,18136.42251226597,0.12206195648377746,0.47679251213634616,0.4011804561170677,105009.29416410554,330070.125,2015,1101.1326439188629,0.16575682382133994,0.4307692307692308,0.40347394540942927,16793.549502900394,400567.625,3564,1133.482964041495,0.19388327721661056,0.41442199775533106,0.39169472502805835,17150.06442213436
H1,17,3173779.75,28633,18131.904799090164,0.1198966227779136,0.4772465337198338,0.40285684350225265,106351.24239075399,680379.5625,2015,2244.8527322329496,0.16526054590570718,0.4292803970223325,0.4054590570719603,35454.60264040074,680379.5625,3564,2045.3167650506675,0.19276094276094277,0.41470258136924804,0.3925364758698092,31888.63471905945
H1,18,3230521.5,28633,18678.73807964002,0.11668354695630916,0.47808472741242625,0.40523172563126464,109021.95168234302,771850.625,2015,2506.5623860506544,0.16476426799007443,0.4297766749379653,0.4054590570719603,39694.08458350056,771850.625,3564,2341.326792183051,0.19107744107744107,0.414983164983165,0.3939393939393939,35714.15811753507
H1,19,3335579.5,28633,22572.968797767924,0.11378479376942688,0.4819962979778577,0.4042189082527154,132325.9306075943,1781654.125,2015,5988.77091673814,0.16377171215880892,0.4277915632754342,0.4084367245657568,87289.00638654946,1781654.125,3564,5949.536164254468,0.18855218855218855,0.4172278338945006,0.3942199775533109,76901.91393644942
H2,0,1806757.75,28633,1471.337783604995,0.24999126881570216,0.40366011245765376,0.3466629413613663,34547.0931274139,3.9588658809661865,2015,0.11820943934831324,0.22679900744416873,0.3945409429280397,0.37866004962779154,0.3409312911810505,12.409040451049805,3564,0.14810177195977509,0.2707631874298541,0.3782267115600449,0.3515712682379349,0.5327138471188818
H2,1,3296243.75,28633,5212.841507322722,0.2323542765340691,0.41274054412740546,0.3551147277616736,87160.30099137718,13.72300910949707,2015,0.7377778887122213,0.2129032258064516,0.40198511166253104,0.38610421836228287,1.5984686698271913,47.65316390991211,3564,0.8744060488725725,0.2542087542087542,0.38552188552188554,0.3608305274971942,2.349041682694884
H2,2,2430436.75,28633,4603.918795059776,0.20923410051339364,0.42454510529808265,0.3662906436629064,71544.84195204517,49.62220764160156,2015,2.9986660308010404,0.2,0.4074441687344913,0.3930521091811414,6.397129967682265,142.27655029296875,3564,3.399503256903231,0.23765432098765432,0.3930976430976431,0.36980920314253646,8.14855107365917
H2,3,2238157.0,28633,4517.655482140672,0.19935039988824085,0.43020291272308175,0.3704466873886774,61729.14663169698,166.5863037109375,2015,6.30988351264789,0.1945409429280397,0.4109181141439206,0.3945409429280397,14.849257593980115,408.93731689453125,3564,7.022246225155069,0.23204264870931537,0.3945005611672278,0.3734567901234568,18.981005417490742
H2,4,2158819.75,28633,5926.086766966803,0.1867076450249712,0.4371878601613523,0.3761394195508679,66762.7993651868,324.6921081542969,2015,10.285167771054114,0.1900744416873449,0.4153846153846154,0.3945409429280397,24.095403618664317,810.4036254882812,3564,11.700709865899146,0.22586980920314254,0.3961840628507295,0.3779461279461279,34.15419830390484
H2,5,2032013.625,28633,6566.855612966722,0.18017671917018824,0.44172807599622815,0.37813012957077496,66444.92604324342,333.1403503417969,2015,13.464860631826658,0.18759305210918115,0.4148883374689826,0.3975186104218362,31.22697438677131,1242.912841796875,3564,15.542555173048171,0.2222222222222222,0.3961840628507295,0.38159371492704824,47.860617787786055
H2,6,1874234.75,28633,6315.897228149625,0.17175985750707226,0.4467921628889743,0.3814479796039535,60512.173299770606,380.50726318359375,2015,17.318327195047008,0.18560794044665013,0.4153846153846154,0.3990074441687345,39.407769172626615,1818.4664306640625,3564,20.250066371252633,0.21885521885521886,0.3984287317620651,0.38271604938271603,64.32755211843991
H2,7,1900112.875,28633,7861.325697290153,0.16585757692173367,0.45017986239653546,0.3839974854189222,69541.94325706232,706.1454467773438,2015,20.943393145579307,0.18411910669975187,0.41588089330024813,0.4,50.394410608872946,2324.382080078125,3564,24.578918886956586,0.21717171717171718,0.3992704826038159,0.3835578002244669,81.10260582945317
H2,8,2300814.75,28633,9842.858699443741,0.1571962420982782,0.45541857297523836,0.38738518492648344,82379.78431442846,1400.0098876953125,2015,25.488318900881445,0.18014888337468982,0.41836228287841193,0.40148883374689825,66.04990031703153,2667.017822265625,3564,29.979447320191102,0.21240179573512907,0.40179573512906847,0.38580246913580246,99.09493231442671
H2,9,2748391.25,28633,12204.629751601842,0.15090978940383473,0.46104145566304616,0.38804875493311913,94571.14501240032,2145.318359375,2015,29.457516501769977,0.1791563275434243,0.42084367245657567,0.4,84.44335447678401,2968.968994140625,3564,35.02342067082593,0.2112794612794613,0.40291806958473625,0.38580246913580246,120.66576887318674
H2,10,3001203.5,28633,13722.695226326838,0.14486780986973072,0.46565152097230467,0.3894806691579646,99757.18532828384,3550.115478515625,2015,34.730417550585834,0.1771712158808933,0.42233250620347396,0.40049627791563275,114.0760913129021,208537.1875,3564,157.88659760094703,0.20679012345679013,0.4057239057239057,0.38748597081930414,4893.954244811987
H2,11,3229103.5,28633,15315.535439072368,0.14214368036880523,0.46802640310131666,0.38982991652987814,103961.07848357476,4426.1123046875,2015,38.569983128471605,0.1761786600496278,0.4238213399503722,0.4,136.40184017527463,413404.1875,3564,279.82437372643733,0.2059483726150393,0.40712682379349047,0.38692480359147025,9783.767232019778
H2,12,3416358.25,28633,17987.8547732661,0.1367652708413369,0.4702615862815632,0.39297314287709983,111260.74114277623,5107.7431640625,2015,43.17486344594416,0.17320099255583127,0.4258064516129032,0.40099255583126553,154.7124042878936,410422.875,3564,283.3186830860597,0.20230078563411896,0.4099326599326599,0.3877665544332211,9652.195339041558
H2,13,3485824.25,28633,18861.285607093345,0.133901442391646,0.47033143575594594,0.3958020465895994,112137.50462492816,6094.5244140625,2015,51.863644007589464,0.17220843672456576,0.426302729528536,0.40148883374689825,221.25325820457675,478208.09375,3564,335.4921541186932,0.20145903479236812,0.4107744107744108,0.3877665544332211,11161.845696368277
H2,14,3517736.75,28633,18366.24088424882,0.1293961512939615,0.4706806831278595,0.39992316557817903,110881.72021530586,18657.09765625,2015,76.78953671449902,0.16823821339950373,0.4277915632754342,0.40397022332506205,586.0562613559673,587133.875,3564,424.1492574892887,0.1989337822671156,0.4116161616161616,0.3894500561167228,13598.609480348296
H2,15,3618088.5,28633,18964.8566247017,0.12677679600461006,0.4712394789229211,0.4020186498096602,114019.51359058722,42097.20703125,2015,123.85521868760149,0.16823821339950373,0.4272952853598015,0.4044665012406948,1357.2479159730772,728539.9375,3564,555.0543874952228,0.1978114478114478,0.4127384960718294,0.3894500561167228,16745.63946603276
H2,16,3735009.75,28633,20541.399076918573,0.12178255858624663,0.47497642580239585,0.40327594034854886,118597.1874859083,310887.25,2015,1069.5007314179743,0.16724565756823823,0.4277915632754342,0.40496277915632756,15883.802820506253,799902.0625,3564,2072.3600316201373,0.19500561167227834,0.41358024691358025,0.39169472502805835,27264.13820318757
H2,17,3772863.25,28633,21926.60795420739,0.11982677330353089,0.47735130793140784,0.40292669297663536,121438.16539707477,667135.125,2015,2257.0892934626495,0.16724565756823823,0.4287841191066998,0.40397022332506205,34898.40958662306,816793.625,3564,3939.9290036791026,0.19444444444444445,0.4152637485970819,0.39085297418630754,46729.57878993207
H2,18,3772420.0,28633,22919.86441446264,0.11720741801417944,0.480040512695142,0.40278699402786994,123697.04296877341,773665.1875,2015,2576.9018160831124,0.1662531017369727,0.4297766749379653,0.40397022332506205,40001.68372752794,832729.6875,3564,4393.86857619658,0.19276094276094277,0.41442199775533106,0.39281705948372614,50834.06939893128
H2,19,3783204.75,28633,25600.32353922872,0.11577550378933399,0.48314881430517237,0.40114553137987635,139715.82240271883,1719356.875,2015,5741.94450818683,0.16426799007444168,0.4272952853598015,0.4084367245657568,84582.56584325225,1719356.875,3564,6861.611242597075,0.18995510662177328,0.41414141414141414,0.3961840628507295,78759.52080699718
H3,0,1571305.25,28633,983.4927609039795,0.24307617085181435,0.4074669088115112,0.3496664687598226,25867.71306664137,5.333356857299805,2015,0.1928476725390329,0.2218362282878412,0.39602977667493794,0.38312655086848635,0.5137266597937536,18.911691665649414,3564,0.2387342197646319,0.26430976430976433,0.38019079685746354,0.3560606060606061,0.8014536166073641
H3,1,2846744.0,28633,4301.789792180907,0.22645199594873047,0.4153598994167569,0.3582928788460867,73222.48406590537,20.602453231811523,2015,1.1728036746821744,0.20893300248138957,0.40347394540942927,0.3880893300248139,2.487306072213892,69.449462890625,3564,1.3708057483691993,0.2494388327721661,0.388327721661055,0.36251402918069586,3.484223304228521
H3,2,2334187.5,28633,3977.9017310007066,0.20354136835120315,0.4276184821709217,0.3689099989522579,63189.793406693665,78.9944076538086,2015,4.54686306631698,0.19602977667493796,0.4099255583126551,0.3945409429280397,9.870795290747347,219.05393981933594,3564,5.091442409090983,0.23428731762065094,0.3945005611672278,0.37149270482603813,12.275106516758978
H3,3,1950470.125,28633,3813.8152175899017,0.19449586141864283,0.43373031117940836,0.37180875213914016,55672.26041113591,282.5816650390625,2015,8.811975595703363,0.19255583126550868,0.4148883374689826,0.3925558312655087,20.906388303154845,635.1442260742188,3564,9.861394337606232,0.22867564534231202,0.39646464646464646,0.37485970819304154,27.790410053513533
H3,4,1892773.5,28633,4294.837702574916,0.1816784828694164,0.4404707854573394,0.3778507316732442,53914.4233219527,344.5343017578125,2015,13.70749628364639,0.1870967741935484,0.4153846153846154,0.3975186104218362,31.28149469791796,1127.259033203125,3564,15.624698325770106,0.22109988776655443,0.39702581369248036,0.3818742985409652,45.54556302313232
H3,5,1948151.5,28633,6144.142168228946,0.17507770754025076,0.44518562497817205,0.37977159221876855,65030.53288038873,393.57305908203125,2015,17.61185713102807,0.18610421836228289,0.4153846153846154,0.3990074441687345,40.44056501860245,1746.0599365234375,3564,20.397114926704653,0.2196969696969697,0.3978675645342312,0.38271604938271603,63.86854520252569
H3,6,1884172.625,28633,6268.907680662415,0.16617189955645584,0.4499703139733873,0.3838927112073482,62100.589407670086,460.83441162109375,2015,22.722299071931083,0.18064516129032257,0.41836228287841193,0.40099255583126553,52.00699543359665,2368.10693359375,3564,26.468652931941502,0.21408529741863075,0.4012345679012346,0.3846801346801347,83.4781909765806
H3,7,1738358.375,28633,6141.343265936741,0.161037963189327,0.45189117451891175,0.38707086229176124,57449.233161879245,1392.6002197265625,2015,27.40640723667258,0.1791563275434243,0.41935483870967744,0.40148883374689825,70.13492141393756,2803.6611328125,3564,31.975604090816706,0.21184062850729518,0.40263748597081933,0.38552188552188554,104.22709047624616
H3,8,1723160.0,28633,7603.577819412452,0.15349421995599483,0.4567806377257011,0.3897251423183041,66167.88315381964,1968.58544921875,2015,33.30314828136569,0.17667493796526054,0.4218362282878412,0.40148883374689825,89.3153950922248,3277.937744140625,3564,39.23425370606329,0.20650953984287318,0.4054433221099888,0.38804713804713803,129.02594465997197
H3,9,2119490.75,28633,9668.93023011524,0.14919847728145846,0.4599587888101142,0.39091258338281004,79718.46384647515,3562.19921875,2015,38.34691564835797,0.1771712158808933,0.42233250620347396,0.40049627791563275,121.75775632346951,3911.53271484375,3564,46.33644802183353,0.20622895622895623,0.4062850729517396,0.38748597081930414,170.89130818239963
H3,10,2585938.75,28633,11582.04548623857,0.1409911640414906,0.4657912199210701,0.3932525407746307,90242.68179918262,4561.1533203125,2015,44.49593734629428,0.17369727047146402,0.4248138957816377,0.40198511166253104,148.17556716320448,4658.25146484375,3564,55.11111851176051,0.2025813692480359,0.4090909090909091,0.3886083052749719,210.602625734829
H3,11,2880902.25,28633,13184.011766318967,0.13697481926448504,0.471029930499773,0.39203017497293335,96397.59546710117,5315.06982421875,2015,49.236434104188525,0.171712158808933,0.4258064516129032,0.40297766749379654,168.76900154819035,149271.484375,3564,144.0352988269717,0.20145903479236812,0.4099326599326599,0.3888888888888889,3495.0823882107074
H3,12,3053411.0,28633,14923.51398105245,0.13239967869241784,0.4748018021164391,0.3927985191911431,100220.70674357185,5975.83984375,2015,55.91333582771457,0.16923076923076924,0.4267990074441687,0.40397022332506205,189.79220654254758,398934.21875,3564,294.54523553094657,0.19921436588103256,0.4116161616161616,0.3891694725028058,9451.087356481648
H3,13,3225901.75,28633,17059.428225536638,0.12915167813362205,0.474697027904865,0.3961862186987043,106005.64304855264,7005.1005859375,2015,63.617316600953146,0.16823821339950373,0.426302729528536,0.4054590570719603,225.76277602866745,393993.78125,3564,302.7629269478628,0.1972502805836139,0.4118967452300786,0.39085297418630754,9276.488956019657
H3,14,3389734.0,28633,18708.86622315063,0.12496070967065973,0.47557014633464884,0.39950406873188277,110727.9219236757,19642.47265625,2015,93.16234299315957,0.16724565756823823,0.4277915632754342,0.40496277915632756,624.6515243548305,427660.09375,3564,355.69856106086263,0.19584736251402918,0.41245791245791247,0.39197530864197533,10019.366853484069
H3,15,3505344.25,28633,18732.046854112417,0.1226207522788391,0.4749415010652045,0.40247267139314774,111513.73495759955,43761.28515625,2015,145.51580355694836,0.16724565756823823,0.4287841191066998,0.40397022332506205,1470.7382680148735,514176.25,3564,455.4184102743254,0.19528619528619529,0.4127384960718294,0.39225589225589225,12019.88687940917
H3,16,3572772.25,28633,19329.92553687387,0.11881395592498166,0.4766877379247721,0.4045332308874376,113116.55760737947,336431.90625,2015,1129.0245336215146,0.16575682382133994,0.4297766749379653,0.4044665012406948,17142.322348645674,681815.625,3564,1320.7682221488799,0.19332210998877666,0.41414141414141414,0.3925364758698092,21433.749028997994
H3,17,3586396.25,28633,20688.44780514976,0.11612475116124751,0.4798658890091852,0.4040442845667586,116774.97408443323,685277.25,2015,2306.8197257614884,0.16476426799007443,0.4287841191066998,0.4064516129032258,35765.437509613286,774302.1875,3564,2927.2563318265243,0.19051627384960718,0.4161054994388328,0.39337822671156003,37610.711836756884
H3,18,3606503.75,28633,21911.96383746049,0.11329584744874795,0.48269479272168475,0.40400935982956726,119787.58212169945,772251.125,2015,2574.137368147601,0.16426799007444168,0.430272952853598,0.4054590570719603,39795.82401838573,772251.125,3564,4152.980599634985,0.18995510662177328,0.4161054994388328,0.3939393939393939,48243.10570476424
H3,19,3691497.5,28633,25736.67036013274,0.11092096531973597,0.4863269653895854,0.4028219187650613,141245.4424305702,1802992.5,2015,6134.186140204966,0.16228287841191066,0.4287841191066998,0.4094292803970223,88283.08497335363,1802992.5,3564,7613.255134722884,0.18602693602693604,0.4180695847362514,0.3961840628507295,84331.62357923845
